id,link,descr_short,price,screen_size,resolution,cpu,ram,hdd_ssd,gpu,os
5074554,/product/a9069bce37c6ed20/14-noutbuk-dexp-aquilon-serebristyj/,"14"" Ноутбук DEXP Aquilon серебристый [Full HD (1920x1080), IPS, Intel Celeron N4020, ядра: 2 х 1.1 ГГц, RAM 4 ГБ, SSD 128 ГБ, Intel UHD Graphics 600 , Windows 11 Pro]",99990,14,1920x1080,Intel Celeron N4020,4,128,Intel UHD Graphics 600,Windows 11 Pro
5074520,/product/5b988b0337c5ed20/141-noutbuk-dexp-aquilon-seryj/,"14.1"" Ноутбук DEXP Aquilon серый [Full HD (1920x1080), IPS, Intel Celeron N4020, ядра: 2 х 1.1 ГГц, RAM 8 ГБ, SSD 128 ГБ, Intel UHD Graphics 600 , Windows 11 Home Single Language]",109990,14.1,1920x1080,Intel Celeron N4020,8,128,Intel UHD Graphics 600,Windows 11 Home Single Language
5074555,/product/0997a2e037c7ed20/156-noutbuk-dexp-aquilon-serebristyj/,"15.6"" Ноутбук DEXP Aquilon серебристый [Full HD (1920x1080), IPS, Intel Celeron N4020, ядра: 2 х 1.1 ГГц, RAM 4 ГБ, SSD 128 ГБ, Intel UHD Graphics 600 , Windows 11 Pro]",109990,15.6,1920x1080,Intel Celeron N4020,4,128,Intel UHD Graphics 600,Windows 11 Pro
5074553,/product/1b77f39237c6ed20/156-noutbuk-dexp-aquilon-serebristyj/,"15.6"" Ноутбук DEXP Aquilon серебристый [Full HD (1920x1080), IPS, Intel Celeron N4020, ядра: 2 х 1.1 ГГц, RAM 8 ГБ, SSD 128 ГБ, Intel UHD Graphics 600 , Windows 11 Home]",119990,15.6,1920x1080,Intel Celeron N4020,8,128,Intel UHD Graphics 600,Windows 11 Home
4900552,/product/5dd56779a0f76200/156-noutbuk-lenovo-ideapad-3-15igl05-seryj/,"15.6"" Ноутбук Lenovo IdeaPad 3 15IGL05 серый [HD (1366x768), TN+film, Intel Celeron N4020, ядра: 2 х 1.1 ГГц, RAM 4 ГБ, HDD 1000 ГБ, Intel UHD Graphics 600 , Windows 10 Home Single Language]",139990,15.6,1366x768,Intel Celeron N4020,4,1000,Intel UHD Graphics 600,Windows 10 Home Single Language
4900119,/product/b191d8b53c6ed050/156-noutbuk-lenovo-ideapad-3-15igl05-seryj/,"15.6"" Ноутбук Lenovo IdeaPad 3 15IGL05 серый [HD (1366x768), TN+film, Intel Celeron N4020, ядра: 2 х 1.1 ГГц, RAM 4 ГБ, HDD 1000 ГБ, Intel UHD Graphics , без ОС]",139990,15.6,1366x768,Intel Celeron N4020,4,1000,Intel UHD Graphics,без ОС
4901196,/product/49a9b98fc5e26200/14-noutbuk-hp-240-g8-serebristyj/,"14"" Ноутбук HP 240 G8 серебристый [HD (1366x768), SVA (TN+film), Intel Celeron N4020, ядра: 2 х 1.1 ГГц, RAM 4 ГБ, HDD 1000 ГБ, Intel UHD Graphics , без ОС]",144990,14,1366x768,Intel Celeron N4020,4,1000,Intel UHD Graphics,без ОС
4860428,/product/7ca38f2c0945c823/14-noutbuk-lenovo-v14-igl-seryj/,"14"" Ноутбук Lenovo V14 IGL серый [Full HD (1920x1080), TN+film, Intel Celeron N4120, ядра: 4 х 1.1 ГГц, RAM 4 ГБ, SSD 256 ГБ, Intel UHD Graphics 600 , без ОС]",149990,14,1920x1080,Intel Celeron N4120,4,256,Intel UHD Graphics 600,без ОС
5347285,/product/023fd36b428f2eb3/156-noutbuk-acer-aspire-3-a315-34-c1jw-cernyj/,"15.6"" Ноутбук Acer Aspire 3 A315-34-C1JW черный [Full HD (1920x1080), TN+film, Intel Celeron N4000, ядра: 2 х 1.1 ГГц, RAM 4 ГБ, HDD 1000 ГБ, Intel UHD Graphics 600 , без ОС]",149990,15.6,1920x1080,Intel Celeron N4000,4,1000,Intel UHD Graphics 600,без ОС
4900251,/product/4239c92167a4d050/156-noutbuk-lenovo-ideapad-3-15igl05-seryj/,"15.6"" Ноутбук Lenovo IdeaPad 3 15IGL05 серый [HD (1366x768), TN+film, Intel Celeron N4020, ядра: 2 х 1.1 ГГц, RAM 4 ГБ, SSD 256 ГБ, Intel UHD Graphics 600 , без ОС]",149990,15.6,1366x768,Intel Celeron N4020,4,256,Intel UHD Graphics 600,без ОС
4900359,/product/ab9d72e28329d050/156-noutbuk-acer-aspire-3-a315-34-c995-cernyj/,"15.6"" Ноутбук Acer Aspire 3 A315-34-C995 черный [Full HD (1920x1080), TN+film, Intel Celeron N4000, ядра: 2 х 1.1 ГГц, RAM 4 ГБ, SSD 256 ГБ, Intel UHD Graphics , без ОС]",159990,15.6,1920x1080,Intel Celeron N4000,4,256,Intel UHD Graphics,без ОС
4900301,/product/415f5236691ed050/14-noutbuk-asus-vivobook-14-e410ma-bv1502w-cernyj/,"14"" Ноутбук ASUS VivoBook 14 E410MA-BV1502W черный [HD (1366x768), TN+film, Intel Celeron N4020, ядра: 2 х 1.1 ГГц, RAM 4 ГБ, SSD 128 ГБ, Intel UHD Graphics 600 , Windows 11 Home Single Language]",169990,14,1366x768,Intel Celeron N4020,4,128,Intel UHD Graphics 600,Windows 11 Home Single Language
9950255,/product/4522d648a693447b/156-noutbuk-acer-extensa-15-ex215-22-r0ak-cernyj/,"15.6"" Ноутбук Acer Extensa 15 EX215-22-R0AK черный [Full HD (1920x1080), TN+film, AMD Ryzen 3 3250U, ядра: 2 х 2.6 ГГц, RAM 8 ГБ, SSD 256 ГБ, AMD Radeon Graphics , без ОС]",169990,15.6,1920x1080,AMD Ryzen 3 3250U,8,256,AMD Radeon Graphics,без ОС
5000156,/product/8001f9ba5e1aed20/156-noutbuk-asus-vivobook-go-l510ka-ej152-sinij/,"15.6"" Ноутбук ASUS VivoBook Go L510KA-EJ152 синий [Full HD (1920x1080), TN+film, Intel Pentium Silver N6000, ядра: 4 х 1.1 ГГц, RAM 8 ГБ, SSD 256 ГБ, Intel UHD Graphics , без ОС]",179990,15.6,1920x1080,Intel Pentium Silver N6000,8,256,Intel UHD Graphics,без ОС
4900360,/product/ab9d72e48329d050/156-noutbuk-acer-aspire-3-a315-34-c3kk-cernyj/,"15.6"" Ноутбук Acer Aspire 3 A315-34-C3KK черный [Full HD (1920x1080), TN+film, Intel Celeron N4000, ядра: 2 х 1.1 ГГц, RAM 8 ГБ, SSD 256 ГБ, Intel UHD Graphics , без ОС]",179990,15.6,1920x1080,Intel Celeron N4000,8,256,Intel UHD Graphics,без ОС
4900538,/product/7430da819f5a6200/156-noutbuk-asus-e510ma-br691-cernyj/,"15.6"" Ноутбук Asus E510MA-BR691 черный [HD (1366x768), TN+film, Intel Celeron N4020, ядра: 2 х 1.1 ГГц, RAM 8 ГБ, SSD 256 ГБ, Intel UHD Graphics , без ОС]",179990,15.6,1366x768,Intel Celeron N4020,8,256,Intel UHD Graphics,без ОС
4900120,/product/b191d8b73c6ed050/156-noutbuk-lenovo-ideapad-3-15igl05-seryj/,"15.6"" Ноутбук Lenovo IdeaPad 3 15IGL05 серый [HD (1366x768), TN+film, Intel Pentium Silver N5030, ядра: 4 х 1.1 ГГц, RAM 4 ГБ, HDD 1000 ГБ, Intel UHD Graphics , без ОС]",179990,15.6,1366x768,Intel Pentium Silver N5030,4,1000,Intel UHD Graphics,без ОС
4900122,/product/b191d8bc3c6ed050/156-noutbuk-lenovo-ideapad-3-15igl05-seryj/,"15.6"" Ноутбук Lenovo IdeaPad 3 15IGL05 серый [HD (1366x768), TN+film, Intel Pentium Silver N5030, ядра: 4 х 1.1 ГГц, RAM 8 ГБ, HDD 1000 ГБ, Intel UHD Graphics , без ОС]",179990,15.6,1366x768,Intel Pentium Silver N5030,8,1000,Intel UHD Graphics,без ОС
9937015,/product/43ad370591b71bb0/156-noutbuk-asus-laptop-15-x515ka-ej065w-seryj/,"15.6"" Ноутбук ASUS Laptop 15 X515KA-EJ065W серый [Full HD (1920x1080), TN+film, Intel Celeron N4500, ядра: 2 х 1.1 ГГц, RAM 8 ГБ, SSD 128 ГБ, Intel UHD Graphics , Windows 11 Home Single Language]",189990,15.6,1920x1080,Intel Celeron N4500,8,128,Intel UHD Graphics,Windows 11 Home Single Language
4900121,/product/b191d8ba3c6ed050/156-noutbuk-lenovo-ideapad-3-15igl05-seryj/,"15.6"" Ноутбук Lenovo IdeaPad 3 15IGL05 серый [HD (1366x768), TN+film, Intel Pentium Silver N5030, ядра: 4 х 1.1 ГГц, RAM 4 ГБ, SSD 256 ГБ, Intel UHD Graphics , без ОС]",189990,15.6,1366x768,Intel Pentium Silver N5030,4,256,Intel UHD Graphics,без ОС
9957411,/product/52adbde44a68c83d/156-noutbuk-acer-aspire-3-a315-56-316x-cernyj/,"15.6"" Ноутбук Acer Aspire 3 A315-56-316X черный [Full HD (1920x1080), TN+film, Intel Core i3-1005G1, ядра: 2 х 1.2 ГГц, RAM 4 ГБ, SSD 256 ГБ, Intel UHD Graphics , без ОС]",194990,15.6,1920x1080,Intel Core i3-1005G1,4,256,Intel UHD Graphics,без ОС
4900535,/product/5ed6c61d9ab06200/156-noutbuk-asus-vivobook-15-x515ea-ej905w-serebristyj/,"15.6"" Ноутбук ASUS Vivobook 15 X515EA-EJ905W серебристый [Full HD (1920x1080), IPS, Intel Core i3-1115G4, ядра: 2 х 3 ГГц, RAM 4 ГБ, SSD 256 ГБ, Intel UHD Graphics , Windows 11 Home Single Language]",199990,15.6,1920x1080,Intel Core i3-1115G4,4,256,Intel UHD Graphics,Windows 11 Home Single Language
5015830,/product/6ab38cdb8e5eed20/156-noutbuk-lenovo-v15-g2-itl-cernyj/,"15.6"" Ноутбук Lenovo V15 G2 ITL черный [Full HD (1920x1080), TN+film, Intel Core i3-1115G4, ядра: 2 х 3 ГГц, RAM 4 ГБ, SSD 256 ГБ, Intel UHD Graphics , без ОС]",200290,15.6,1920x1080,Intel Core i3-1115G4,4,256,Intel UHD Graphics,без ОС
4889687,/product/44e1e65a473eed20/156-noutbuk-asus-laptop-15-l510ka-ej189w-cernyj/,"15.6"" Ноутбук ASUS Laptop 15 L510KA-EJ189W черный [Full HD (1920x1080), TN+film, Intel Pentium Silver N6000, ядра: 4 х 1.1 ГГц, RAM 8 ГБ, SSD 256 ГБ, Intel UHD Graphics , Windows 11 Home Single Language]",204990,15.6,1920x1080,Intel Pentium Silver N6000,8,256,Intel UHD Graphics,Windows 11 Home Single Language
5362373,/product/94bb555fb5832ff4/156-noutbuk-lenovo-v15-g2-alc-cernyj/,"15.6"" Ноутбук Lenovo V15 G2 ALC черный [Full HD (1920x1080), TN+film, AMD Ryzen 3 5300U, ядра: 4 х 2.6 ГГц, RAM 8 ГБ, SSD 256 ГБ, AMD Radeon Graphics , без ОС]",208890,15.6,1920x1080,AMD Ryzen 3 5300U,8,256,AMD Radeon Graphics,без ОС
1695256,/product/920629a5dac03332/156-noutbuk-acer-aspire-3-a315-23-r1b3-cernyj/,"15.6"" Ноутбук Acer Aspire 3 A315-23-R1B3 черный [Full HD (1920x1080), TN+film, AMD Athlon Silver 3050U, ядра: 2 х 2.3 ГГц, RAM 4 ГБ, SSD 256 ГБ, AMD Radeon Graphics , Windows 10 Home Single Language]",209990,15.6,1920x1080,AMD Athlon Silver 3050U,4,256,AMD Radeon Graphics,Windows 10 Home Single Language
5038342,/product/4b190634d282ed20/156-noutbuk-lenovo-ideapad-3-15iml05-seryj/,"15.6"" Ноутбук Lenovo IdeaPad 3 15IML05 серый [Full HD (1920x1080), IPS, Intel Core i3-10110U, ядра: 2 х 2.1 ГГц, RAM 8 ГБ, SSD 256 ГБ, Intel UHD Graphics , без ОС]",209990,15.6,1920x1080,Intel Core i3-10110U,8,256,Intel UHD Graphics,без ОС
9964502,/product/19a22588245cd0f7/156-noutbuk-asus-p1512cea-ej0112-seryj/,"15.6"" Ноутбук ASUS P1512CEA-EJ0112 серый [Full HD (1920x1080), TN+film, Intel Core i3-1115G4, ядра: 2 х 3 ГГц, RAM 8 ГБ, SSD 256 ГБ, Intel UHD Graphics , без ОС]",214990,15.6,1920x1080,Intel Core i3-1115G4,8,256,Intel UHD Graphics,без ОС
5345379,/product/a9df11852fc82ff2/14-noutbuk-lenovo-v14-g1-iml-seryj/,"14"" Ноутбук Lenovo V14-G1 IML серый [Full HD (1920x1080), TN+film, Intel Core i3-10110U, ядра: 2 х 2.1 ГГц, RAM 4 ГБ, SSD 256 ГБ, Intel UHD Graphics , без ОС]",219990,14,1920x1080,Intel Core i3-10110U,4,256,Intel UHD Graphics,без ОС
9954024,/product/89018fb51d3d42b4/14-ultrabuk-msi-modern-14-c12m-233x-cernyj/,"14"" Ультрабук MSI Modern 14 C12M-233X черный [Full HD (1920x1080), IPS, Intel Core i3-1215U, ядра: 2 + 4 х 1.2 ГГц, RAM 8 ГБ, SSD 256 ГБ, Intel UHD Graphics , без ОС]",219990,14,1920x1080,Intel Core i3-1215U,8,256,Intel UHD Graphics,без ОС
5064397,/product/38048fee1c3fed20/14-ultrabuk-msi-modern-14-c12m-233xru-cernyj/,"14"" Ультрабук MSI Modern 14 C12M-233XRU черный [Full HD (1920x1080), IPS, Intel Core i3-1215U, ядра: 2 + 4 х 1.2 ГГц, RAM 8 ГБ, SSD 256 ГБ, Intel UHD Graphics , без ОС]",219990,14,1920x1080,Intel Core i3-1215U,8,256,Intel UHD Graphics,без ОС
4900585,/product/f7ec57d1a4c06200/156-noutbuk-asus-laptop-15-x515jf-br368-seryj/,"15.6"" Ноутбук ASUS Laptop 15 X515JF-BR368 серый [HD (1366x768), TN+film, Intel Pentium 6805, ядра: 2 х 1.1 ГГц, RAM 8 ГБ, SSD 256 ГБ, GeForce MX130 2 ГБ, без ОС]",219990,15.6,1366x768,Intel Pentium 6805,8,256,GeForce MX130 2 ГБ,без ОС
5357294,/product/33f005f49fa32ff4/156-noutbuk-asus-vivobook-15-x515ea-bq1189w-seryj/,"15.6"" Ноутбук ASUS Vivobook 15 X515EA-BQ1189W серый [Full HD (1920x1080), IPS, Intel Core i3-1115G4, ядра: 2 х 3 ГГц, RAM 8 ГБ, SSD 256 ГБ, Intel UHD Graphics , Windows 11 Home Single Language]",219990,15.6,1920x1080,Intel Core i3-1115G4,8,256,Intel UHD Graphics,Windows 11 Home Single Language
4877961,/product/b642c9d92bfaed20/156-noutbuk-lenovo-v15-ada-seryj/,"15.6"" Ноутбук Lenovo V15 ADA серый [Full HD (1920x1080), TN+film, AMD Athlon Gold 3150U, ядра: 2 х 2.4 ГГц, RAM 4 ГБ, SSD 256 ГБ, AMD Radeon Graphics , без ОС]",219990,15.6,1920x1080,AMD Athlon Gold 3150U,4,256,AMD Radeon Graphics,без ОС
5324882,/product/b036a922b2cd2eb0/156-noutbuk-hp-laptop-15-db1240ur-seryj/,"15.6"" Ноутбук HP Laptop 15-db1240ur серый [Full HD (1920x1080), SVA (TN+film), AMD Ryzen 3 3200U, ядра: 2 х 2.6 ГГц, RAM 4 ГБ, SSD 256 ГБ, AMD Radeon Vega 3 , без ОС]",224990,15.6,1920x1080,AMD Ryzen 3 3200U,4,256,AMD Radeon Vega 3,без ОС
5355995,/product/b0e2320d99352ff4/156-noutbuk-asus-vivobook-15-x515ea-bq1189-seryj/,"15.6"" Ноутбук ASUS Vivobook 15 X515EA-BQ1189 серый [Full HD (1920x1080), IPS, Intel Core i3-1115G4, ядра: 2 х 3 ГГц, RAM 8 ГБ, SSD 256 ГБ, Intel UHD Graphics , без ОС]",225490,15.6,1920x1080,Intel Core i3-1115G4,8,256,Intel UHD Graphics,без ОС
4901197,/product/49a9b991c5e26200/156-noutbuk-hp-250-g8-seryj/,"15.6"" Ноутбук HP 250 G8 серый [HD (1366x768), IPS, Intel Core i3-1115G4, ядра: 2 х 3 ГГц, RAM 4 ГБ, SSD 256 ГБ, Intel UHD Graphics , без ОС]",225990,15.6,1366x768,Intel Core i3-1115G4,4,256,Intel UHD Graphics,без ОС
4900551,/product/5dd56777a0f76200/156-noutbuk-lenovo-ideapad-3-15igl05-seryj/,"15.6"" Ноутбук Lenovo IdeaPad 3 15IGL05 серый [HD (1366x768), TN+film, Intel Celeron N4020, ядра: 2 х 1.1 ГГц, RAM 8 ГБ, SSD 256 ГБ, Intel UHD Graphics , без ОС]",226990,15.6,1366x768,Intel Celeron N4020,8,256,Intel UHD Graphics,без ОС
4900533,/product/5ed6c6199ab06200/14-noutbuk-asus-x415ea-eb512-seryj/,"14"" Ноутбук ASUS X415EA-EB512 серый [Full HD (1920x1080), IPS, Intel Core i3-1115G4, ядра: 2 х 3 ГГц, RAM 8 ГБ, SSD 256 ГБ, Intel UHD Graphics , без ОС]",229990,14,1920x1080,Intel Core i3-1115G4,8,256,Intel UHD Graphics,без ОС
4900553,/product/5dd5677ba0f76200/156-noutbuk-lenovo-ideapad-l3-15itl6-seryj/,"15.6"" Ноутбук Lenovo IdeaPad L3 15ITL6 серый [Full HD (1920x1080), IPS, Intel Core i3-1115G4, ядра: 2 х 3 ГГц, RAM 8 ГБ, HDD 1000 ГБ, Intel UHD Graphics , без ОС]",229990,15.6,1920x1080,Intel Core i3-1115G4,8,1000,Intel UHD Graphics,без ОС
4900557,/product/5dd56783a0f76200/156-noutbuk-lenovo-ideapad-l3-15itl6-seryj/,"15.6"" Ноутбук Lenovo IdeaPad L3 15ITL6 серый [Full HD (1920x1080), IPS, Intel Core i3-1115G4, ядра: 2 х 3 ГГц, RAM 8 ГБ, HDD 1000 ГБ, Intel UHD Graphics , Windows 10 Home Single Language]",231990,15.6,1920x1080,Intel Core i3-1115G4,8,1000,Intel UHD Graphics,Windows 10 Home Single Language
9908978,/product/6256c80a45b5c25c/156-noutbuk-asus-m515da-bq1404w-seryj/,"15.6"" Ноутбук ASUS M515DA-BQ1404W серый [Full HD (1920x1080), IPS, AMD Ryzen 3 3250U, ядра: 2 х 2.6 ГГц, RAM 8 ГБ, SSD 256 ГБ, AMD Radeon Graphics , Windows 11 Home Single Language]",239990,15.6,1920x1080,AMD Ryzen 3 3250U,8,256,AMD Radeon Graphics,Windows 11 Home Single Language
5318368,/product/e2e4440891e13333/156-noutbuk-lenovo-ideapad-3-15iil05-seryj/,"15.6"" Ноутбук Lenovo IdeaPad 3 15IIL05 серый [HD (1366x768), TN+film, Intel Core i3-1005G1, ядра: 2 х 1.2 ГГц, RAM 4 ГБ, HDD 1000 ГБ, Intel UHD Graphics , Windows 10 Home Single Language]",239990,15.6,1366x768,Intel Core i3-1005G1,4,1000,Intel UHD Graphics,Windows 10 Home Single Language
9964505,/product/69716693e104780c/156-noutbuk-asus-expertbook-l1-l1500cda-bq0640-cernyj/,"15.6"" Ноутбук ASUS ExpertBook L1 L1500CDA-BQ0640 черный [Full HD (1920x1080), IPS, AMD Ryzen 3 3250U, ядра: 2 х 2.6 ГГц, RAM 8 ГБ, SSD 256 ГБ, AMD Radeon Graphics , без ОС]",244990,15.6,1920x1080,AMD Ryzen 3 3250U,8,256,AMD Radeon Graphics,без ОС
5038348,/product/956e283bd283ed20/156-noutbuk-lenovo-ideapad-3-15iil05-seryj/,"15.6"" Ноутбук Lenovo IdeaPad 3 15IIL05 серый [Full HD (1920x1080), IPS, Intel Core i3-1005G1, ядра: 2 х 1.2 ГГц, RAM 8 ГБ, SSD 256 ГБ, Intel UHD Graphics , Windows 11 Home Single Language]",244990,15.6,1920x1080,Intel Core i3-1005G1,8,256,Intel UHD Graphics,Windows 11 Home Single Language
5342503,/product/7ad2dd8d1ea52ff2/156-noutbuk-lenovo-v15-g1-iml-seryj/,"15.6"" Ноутбук Lenovo V15 G1 IML серый [Full HD (1920x1080), TN+film, Intel Core i3-10110U, ядра: 2 х 2.1 ГГц, RAM 4 ГБ, SSD 256 ГБ, Intel UHD Graphics , без ОС]",246990,15.6,1920x1080,Intel Core i3-10110U,4,256,Intel UHD Graphics,без ОС
9950254,/product/e9c611dfe740ea8b/156-noutbuk-acer-extensa-15-ex215-22-r1bh-cernyj/,"15.6"" Ноутбук Acer Extensa 15 EX215-22-R1BH черный [Full HD (1920x1080), TN+film, AMD Ryzen 3 3250U, ядра: 2 х 2.6 ГГц, RAM 8 ГБ, SSD 256 ГБ, AMD Radeon Graphics , Windows 11 Home Single Language]",247990,15.6,1920x1080,AMD Ryzen 3 3250U,8,256,AMD Radeon Graphics,Windows 11 Home Single Language
4900591,/product/b4a907b4a4c46200/14-noutbuk-lenovo-v14-iml-seryj/,"14"" Ноутбук Lenovo V14 IML серый [Full HD (1920x1080), TN+film, Intel Core i3-10110U, ядра: 2 х 2.1 ГГц, RAM 4 ГБ, HDD 1000 ГБ, Intel UHD Graphics , без ОС]",249990,14,1920x1080,Intel Core i3-10110U,4,1000,Intel UHD Graphics,без ОС
1615584,/product/c9d32d2d14c33332/156-noutbuk-acer-aspire-3-a315-56-315a-cernyj/,"15.6"" Ноутбук Acer Aspire 3 A315-56-315A черный [Full HD (1920x1080), TN+film, Intel Core i3-1005G1, ядра: 2 х 1.2 ГГц, RAM 4 ГБ, SSD 256 ГБ, Intel UHD Graphics , Windows 10 Home Single Language]",249990,15.6,1920x1080,Intel Core i3-1005G1,4,256,Intel UHD Graphics,Windows 10 Home Single Language
9961186,/product/fbfa905d6dfcb520/156-noutbuk-asus-x515ea-bq1949w-sinij/,"15.6"" Ноутбук Asus X515EA-BQ1949W синий [Full HD (1920x1080), IPS, Intel Core i3-1115G4, ядра: 2 х 3 ГГц, RAM 8 ГБ, SSD 256 ГБ, Intel UHD Graphics , Windows 11 Home Single Language]",249990,15.6,1920x1080,Intel Core i3-1115G4,8,256,Intel UHD Graphics,Windows 11 Home Single Language
5038343,/product/a254cc15d282ed20/156-noutbuk-lenovo-ideapad-3-15iml05-seryj/,"15.6"" Ноутбук Lenovo IdeaPad 3 15IML05 серый [Full HD (1920x1080), IPS, Intel Core i3-10110U, ядра: 2 х 2.1 ГГц, RAM 8 ГБ, SSD 256 ГБ, Intel UHD Graphics , Windows 10 Home Single Language]",249990,15.6,1920x1080,Intel Core i3-10110U,8,256,Intel UHD Graphics,Windows 10 Home Single Language
5367869,/product/11992043d6782ff4/156-noutbuk-lenovo-v15-g2-itl-cernyj/,"15.6"" Ноутбук Lenovo V15 G2 ITL черный [Full HD (1920x1080), TN+film, Intel Core i3-1115G4, ядра: 2 х 3 ГГц, RAM 8 ГБ, SSD 256 ГБ, Intel UHD Graphics , без ОС]",249990,15.6,1920x1080,Intel Core i3-1115G4,8,256,Intel UHD Graphics,без ОС
9954030,/product/4a387f0fbc9dc4ce/156-noutbuk-msi-modern-15-b12m-211-cernyj/,"15.6"" Ноутбук MSI Modern 15 B12M-211 черный [Full HD (1920x1080), IPS, Intel Core i3-1215U, ядра: 2 + 4, RAM 8 ГБ, SSD 256 ГБ, Intel UHD Graphics , Windows 11 Home Single Language]",249990,15.6,1920x1080,Intel Core i3-1215U,8,256,Intel UHD Graphics,Windows 11 Home Single Language
5064390,/product/2b6199891c3fed20/156-noutbuk-msi-modern-15-b12m-211ru-cernyj/,"15.6"" Ноутбук MSI Modern 15 B12M-211RU черный [Full HD (1920x1080), IPS, Intel Core i3-1215U, ядра: 2 + 4, RAM 8 ГБ, SSD 256 ГБ, Intel UHD Graphics , Windows 11 Home Single Language]",249990,15.6,1920x1080,Intel Core i3-1215U,8,256,Intel UHD Graphics,Windows 11 Home Single Language
9954032,/product/236f4084d0902a38/156-ultrabuk-msi-modern-15-b12m-215x-cernyj/,"15.6"" Ультрабук MSI Modern 15 B12M-215X черный [Full HD (1920x1080), IPS, Intel Core i3-1215U, ядра: 2 + 4, RAM 8 ГБ, SSD 256 ГБ, Intel UHD Graphics , без ОС]",249990,15.6,1920x1080,Intel Core i3-1215U,8,256,Intel UHD Graphics,без ОС
5064391,/product/2b61998b1c3fed20/156-ultrabuk-msi-modern-15-b12m-215xru-cernyj/,"15.6"" Ультрабук MSI Modern 15 B12M-215XRU черный [Full HD (1920x1080), IPS, Intel Core i3-1215U, ядра: 2 + 4, RAM 8 ГБ, SSD 256 ГБ, Intel UHD Graphics , без ОС]",249990,15.6,1920x1080,Intel Core i3-1215U,8,256,Intel UHD Graphics,без ОС
4900146,/product/a6907ea1411fd050/156-noutbuk-dell-vostro-3515-seryj/,"15.6"" Ноутбук Dell Vostro 3515 серый [Full HD (1920x1080), WVA (TN+film), AMD Ryzen 3 3250U, ядра: 2 х 2.6 ГГц, RAM 4 ГБ, SSD 128 ГБ, AMD Radeon Graphics , Windows 10 Home Single Language]",254990,15.6,1920x1080,AMD Ryzen 3 3250U,4,128,AMD Radeon Graphics,Windows 10 Home Single Language
4900546,/product/5be5cf7ea00a6200/14-noutbuk-asus-expertbook-b1-b1400-b1400ceae-eb2613r-cernyj/,"14"" Ноутбук ASUS ExpertBook B1 B1400 B1400CEAE-EB2613R черный [Full HD (1920x1080), IPS, Intel Core i3-1115G4, ядра: 2 х 3 ГГц, RAM 8 ГБ, SSD 256 ГБ, Intel UHD Graphics , Windows 10 Pro]",259990,14,1920x1080,Intel Core i3-1115G4,8,256,Intel UHD Graphics,Windows 10 Pro
5340813,/product/da5ebd7b15cb2ff2/156-noutbuk-hp-255-g7-seryj/,"15.6"" Ноутбук HP 255 G7 серый [Full HD (1920x1080), SVA (TN+film), AMD Ryzen 3 3200U, ядра: 2 х 2.6 ГГц, RAM 8 ГБ, SSD 256 ГБ, AMD Radeon Vega 3 , DVD-RW, без ОС]",264990,15.6,1920x1080,AMD Ryzen 3 3200U,8,256,DVD-RW,без ОС
5054863,/product/e4f36599fd9bed20/156-noutbuk-lenovo-ideapad-3-15itl6-seryj/,"15.6"" Ноутбук Lenovo IdeaPad 3 15ITL6 серый [Full HD (1920x1080), TN+film, Intel Core i3-1115G4, ядра: 2 х 3 ГГц, RAM 4 ГБ, HDD 1000 ГБ, Intel UHD Graphics , без ОС]",264990,15.6,1920x1080,Intel Core i3-1115G4,4,1000,Intel UHD Graphics,без ОС
5015841,/product/70b2ec5c8e5eed20/156-noutbuk-lenovo-v15-g2-itl-cernyj/,"15.6"" Ноутбук Lenovo V15 G2 ITL черный [Full HD (1920x1080), TN+film, Intel Core i3-1115G4, ядра: 2 х 3 ГГц, RAM 4 ГБ, HDD 1000 ГБ, Intel UHD Graphics , без ОС]",264990,15.6,1920x1080,Intel Core i3-1115G4,4,1000,Intel UHD Graphics,без ОС
5340860,/product/da5ebdd915cb2ff2/156-noutbuk-hp-laptop-15s-eq1251ur-cernyj/,"15.6"" Ноутбук HP Laptop 15s-eq1251ur черный [Full HD (1920x1080), IPS, AMD Ryzen 3 3250U, ядра: 2 х 2.6 ГГц, RAM 8 ГБ, SSD 256 ГБ, AMD Radeon Graphics , без ОС]",265990,15.6,1920x1080,AMD Ryzen 3 3250U,8,256,AMD Radeon Graphics,без ОС
4752051,/product/86c2653757053332/156-noutbuk-hp-250-g7-cernyj/,"15.6"" Ноутбук HP 250 G7 черный [Full HD (1920x1080), TN+film, Intel Core i3-1005G1, ядра: 2 х 1.2 ГГц, RAM 8 ГБ, SSD 256 ГБ, Intel HD Graphics , без ОС]",269990,15.6,1920x1080,Intel Core i3-1005G1,8,256,Intel HD Graphics,без ОС
1392836,/product/95912383ced43332/156-noutbuk-lenovo-ideapad-l340-15api-cernyj/,"15.6"" Ноутбук Lenovo IdeaPad L340-15API черный [Full HD (1920x1080), TN+film, AMD Ryzen 5 3500U, ядра: 4 х 2.1 ГГц, RAM 4 ГБ, SSD 256 ГБ, AMD Radeon Vega 8 , без ОС]",269990,15.6,1920x1080,AMD Ryzen 5 3500U,4,256,AMD Radeon Vega 8,без ОС
4792382,/product/a3db5f95938cd760/173-noutbuk-lenovo-ideapad-3-17itl6-seryj/,"17.3"" Ноутбук Lenovo IdeaPad 3 17ITL6 серый [1600x900, TN+film, Intel Core i3-1115G4, ядра: 2 х 3 ГГц, RAM 8 ГБ, SSD 256 ГБ, Intel UHD Graphics , без ОС]",269990,17.3,1600x900,Intel Core i3-1115G4,8,256,Intel UHD Graphics,без ОС
9964511,/product/4456d956256ae4f8/156-noutbuk-asus-expertbook-l1-l1500cda-bq0718w-cernyj/,"15.6"" Ноутбук ASUS ExpertBook L1 L1500CDA-BQ0718W черный [Full HD (1920x1080), IPS, AMD Ryzen 3 3250U, ядра: 2 х 2.6 ГГц, RAM 8 ГБ, SSD 256 ГБ, AMD Radeon Graphics , Windows 11 Home Single Language]",274990,15.6,1920x1080,AMD Ryzen 3 3250U,8,256,AMD Radeon Graphics,Windows 11 Home Single Language
9964508,/product/f4e8fd88e5a32bbc/156-noutbuk-asus-p1512cea-bq0340-seryj/,"15.6"" Ноутбук ASUS P1512CEA-BQ0340 серый [Full HD (1920x1080), TN+film, Intel Core i5-1135G7, ядра: 4 х 2.4 ГГц, RAM 8 ГБ, SSD 256 ГБ, Intel Iris Xe Graphics , без ОС]",274990,15.6,1920x1080,Intel Core i5-1135G7,8,256,Intel Iris Xe Graphics,без ОС
5337163,/product/562a7647f0fb2ff2/156-noutbuk-asus-vivobook-15-m515ua-bq178t-seryj/,"15.6"" Ноутбук ASUS VivoBook 15 M515UA-BQ178T серый [Full HD (1920x1080), IPS, AMD Ryzen 5 5500U, ядра: 6 х 2.1 ГГц, RAM 8 ГБ, SSD 256 ГБ, AMD Radeon Graphics , Windows 10 Home Single Language]",279990,15.6,1920x1080,AMD Ryzen 5 5500U,8,256,AMD Radeon Graphics,Windows 10 Home Single Language
4900197,/product/246204205c82d050/156-noutbuk-lenovo-ideapad-3-15iil05-seryj/,"15.6"" Ноутбук Lenovo IdeaPad 3 15IIL05 серый [HD (1366x768), TN+film, Intel Core i3-1005G1, ядра: 2 х 1.2 ГГц, RAM 8 ГБ, HDD 1000 ГБ, GeForce MX330 2 ГБ, без ОС]",279990,15.6,1366x768,Intel Core i3-1005G1,8,1000,GeForce MX330 2 ГБ,без ОС
9935207,/product/052b5514141214d8/156-noutbuk-lenovo-ideapad-3-15itl6-seryj/,"15.6"" Ноутбук Lenovo IdeaPad 3 15ITL6 серый [Full HD (1920x1080), TN+film, Intel Core i3-1115G4, ядра: 2 х 3 ГГц, RAM 8 ГБ, SSD 512 ГБ, Intel UHD Graphics , без ОС]",279990,15.6,1920x1080,Intel Core i3-1115G4,8,512,Intel UHD Graphics,без ОС
5362374,/product/94bb5561b5832ff4/156-noutbuk-lenovo-v15-g2-alc-cernyj/,"15.6"" Ноутбук Lenovo V15 G2 ALC черный [Full HD (1920x1080), TN+film, AMD Ryzen 5 5500U, ядра: 6 х 2.1 ГГц, RAM 8 ГБ, SSD 256 ГБ, AMD Radeon Graphics , без ОС]",279990,15.6,1920x1080,AMD Ryzen 5 5500U,8,256,AMD Radeon Graphics,без ОС
5071172,/product/a90f67912cf8ed20/156-noutbuk-xiaomi-redmibook-15-seryj/,"15.6"" Ноутбук Xiaomi RedmiBook 15 серый [Full HD (1920x1080), TN+film, Intel Core i3-1115G4, ядра: 2 х 3 ГГц, RAM 8 ГБ, SSD 256 ГБ, Intel UHD Graphics , Windows 11 Home]",279990,15.6,1920x1080,Intel Core i3-1115G4,8,256,Intel UHD Graphics,Windows 11 Home
4900547,/product/5be5cf80a00a6200/14-noutbuk-asus-expertbook-b1-b1400ceae-ek2241r-sinij/,"14"" Ноутбук ASUS ExpertBook B1 B1400CEAE-EK2241R синий [Full HD (1920x1080), TN+film, Intel Core i3-1115G4, ядра: 2 х 3 ГГц, RAM 8 ГБ, SSD 512 ГБ, Intel UHD Graphics , Windows 10 Pro]",289990,14,1920x1080,Intel Core i3-1115G4,8,512,Intel UHD Graphics,Windows 10 Pro
4900307,/product/415f5242691ed050/14-noutbuk-asus-vivobook-14-k413ea-ek2384w-serebristyj/,"14"" Ноутбук ASUS Vivobook 14 K413EA-EK2384W серебристый [Full HD (1920x1080), IPS, Intel Core i3-1115G4, ядра: 2 х 3 ГГц, RAM 8 ГБ, SSD 256 ГБ, Intel UHD Graphics , Windows 11 Pro]",289990,14,1920x1080,Intel Core i3-1115G4,8,256,Intel UHD Graphics,Windows 11 Pro
5324450,/product/1e24a743aedb2eb0/156-noutbuk-acer-extensa-15-ex215-22-r5nc-cernyj/,"15.6"" Ноутбук Acer Extensa 15 EX215-22-R5NC черный [Full HD (1920x1080), TN+film, AMD Ryzen 3 3250U, ядра: 2 х 2.6 ГГц, RAM 4 ГБ, SSD 256 ГБ, AMD Radeon Graphics , Windows 10 Home Single Language]",289990,15.6,1920x1080,AMD Ryzen 3 3250U,4,256,AMD Radeon Graphics,Windows 10 Home Single Language
5324928,/product/91e6af13b2d42eb0/156-noutbuk-lenovo-ideapad-l340-15api-seryj/,"15.6"" Ноутбук Lenovo IdeaPad L340-15API серый [Full HD (1920x1080), TN+film, AMD Ryzen 3 3200U, ядра: 2 х 2.6 ГГц, RAM 8 ГБ, HDD 1000 ГБ, SSD 128 ГБ, AMD Radeon Vega 3 , без ОС]",289990,15.6,1920x1080,AMD Ryzen 3 3200U,8,1000,AMD Radeon Vega 3,без ОС
4900545,/product/7430da8f9f5a6200/14-noutbuk-asus-vivobook-x415ea-eb533-seryj/,"14"" Ноутбук ASUS VivoBook X415EA-EB533 серый [Full HD (1920x1080), IPS, Intel Core i5-1135G7, ядра: 4 х 2.4 ГГц, RAM 8 ГБ, SSD 512 ГБ, Intel Iris Xe Graphics , без ОС]",299990,14,1920x1080,Intel Core i5-1135G7,8,512,Intel Iris Xe Graphics,без ОС
5015707,/product/2cfd92028e5eed20/14-noutbuk-hp-240-g8-seryj/,"14"" Ноутбук HP 240 G8 серый [Full HD (1920x1080), IPS, Intel Core i3-1005G1, ядра: 2 х 1.2 ГГц, RAM 8 ГБ, SSD 256 ГБ, Intel UHD Graphics , Windows 10 Home Single Language]",299990,14,1920x1080,Intel Core i3-1005G1,8,256,Intel UHD Graphics,Windows 10 Home Single Language
5317667,/product/7d6dfb1c91183333/14-ultrabuk-msi-modern-14-b11m-265xkz-seryj/,"14"" Ультрабук MSI Modern 14 B11M-265XKZ серый [Full HD (1920x1080), IPS, Intel Core i3-1115G4, ядра: 2 х 3 ГГц, RAM 8 ГБ, SSD 512 ГБ, Intel UHD Graphics , без ОС]",299990,14,1920x1080,Intel Core i3-1115G4,8,512,Intel UHD Graphics,без ОС
4900671,/product/e3f27820b1806200/156-noutbuk-asus-expertbook-l1-l1500cda-bq0609t-sinij/,"15.6"" Ноутбук ASUS ExpertBook L1 L1500CDA-BQ0609T синий [Full HD (1920x1080), IPS, AMD Ryzen 3 3250U, ядра: 2 х 2.6 ГГц, RAM 8 ГБ, SSD 512 ГБ, AMD Radeon Graphics , Windows 10 Home Single Language]",299990,15.6,1920x1080,AMD Ryzen 3 3250U,8,512,AMD Radeon Graphics,Windows 10 Home Single Language
9924926,/product/dc569dd23c8c5221/156-noutbuk-acer-aspire-3-a315-58-35vw-serebristyj/,"15.6"" Ноутбук Acer Aspire 3 A315-58-35VW серебристый [Full HD (1920x1080), TN+film, Intel Core i3-1115G4, ядра: 2 х 3 ГГц, RAM 8 ГБ, SSD 512 ГБ, Intel UHD Graphics , без ОС]",299990,15.6,1920x1080,Intel Core i3-1115G4,8,512,Intel UHD Graphics,без ОС
5015672,/product/206e9f738e5eed20/156-noutbuk-hp-250-g8-seryj/,"15.6"" Ноутбук HP 250 G8 серый [Full HD (1920x1080), IPS, Intel Core i3-1005G1, ядра: 2 х 1.2 ГГц, RAM 8 ГБ, SSD 256 ГБ, Intel UHD Graphics , Windows 10 Home Single Language]",299990,15.6,1920x1080,Intel Core i3-1005G1,8,256,Intel UHD Graphics,Windows 10 Home Single Language
4864325,/product/66ba9eac0f84ed20/156-noutbuk-lenovo-ideapad-3-15are05-seryj/,"15.6"" Ноутбук Lenovo IdeaPad 3 15ARE05 серый [Full HD (1920x1080), IPS, AMD Ryzen 5 4500U, ядра: 6 х 2.3 ГГц, RAM 4 ГБ, SSD 256 ГБ, AMD Radeon Graphics , без ОС]",299990,15.6,1920x1080,AMD Ryzen 5 4500U,4,256,AMD Radeon Graphics,без ОС
4736976,/product/1f387aba2e343332/156-noutbuk-lenovo-thinkbook-15-iil-serebristyj/,"15.6"" Ноутбук Lenovo ThinkBook 15 IIL серебристый [Full HD (1920x1080), IPS, Intel Core i3-1005G1, ядра: 2 х 1.2 ГГц, RAM 8 ГБ, SSD 256 ГБ, Intel UHD Graphics , без ОС]",299990,15.6,1920x1080,Intel Core i3-1005G1,8,256,Intel UHD Graphics,без ОС
5064388,/product/253222e41c3fed20/156-noutbuk-msi-modern-15-b12m-210ru-cernyj/,"15.6"" Ноутбук MSI Modern 15 B12M-210RU черный [Full HD (1920x1080), IPS, Intel Core i5-1235U, ядра: 2 + 8, RAM 8 ГБ, SSD 256 ГБ, Intel Iris Xe Graphics , Windows 11 Home Single Language]",299990,15.6,1920x1080,Intel Core i5-1235U,8,256,Intel Iris Xe Graphics,Windows 11 Home Single Language
5064395,/product/31e088911c3fed20/156-noutbuk-msi-modern-15-b12m-213xru-cernyj/,"15.6"" Ноутбук MSI Modern 15 B12M-213XRU черный [Full HD (1920x1080), IPS, Intel Core i5-1235U, ядра: 2 + 8, RAM 16 ГБ, SSD 512 ГБ, Intel Iris Xe Graphics , без ОС]",299990,15.6,1920x1080,Intel Core i5-1235U,16,512,Intel Iris Xe Graphics,без ОС
5045974,/product/bb3cf369e6e9ed20/173-noutbuk-hp-470-g8-serebristyj/,"17.3"" Ноутбук HP 470 G8 серебристый [Full HD (1920x1080), IPS, Intel Core i3-1125G4, ядра: 4 х 2 ГГц, RAM 8 ГБ, SSD 256 ГБ, Intel UHD Graphics , без ОС]",299990,17.3,1920x1080,Intel Core i3-1125G4,8,256,Intel UHD Graphics,без ОС
5062243,/product/8aa61f841475ed20/156-noutbuk-lenovo-ideapad-v15-gen-3-iap-cernyj/,"15.6"" Ноутбук Lenovo IdeaPad V15 Gen 3 IAP черный [Full HD (1920x1080), TN+film, Intel Core i3-1215U, ядра: 2 + 4, RAM 8 ГБ, SSD 256 ГБ, Intel UHD Graphics , без ОС]",309990,15.6,1920x1080,Intel Core i3-1215U,8,256,Intel UHD Graphics,без ОС
4900543,/product/7430da8b9f5a6200/156-noutbuk-asus-vivobook-15-x513ea-bq1819-cernyj/,"15.6"" Ноутбук ASUS VivoBook 15 X513EA-BQ1819 черный [Full HD (1920x1080), IPS, Intel Core i5-1135G7, ядра: 4 х 2.4 ГГц, RAM 8 ГБ, SSD 256 ГБ, Intel Iris Xe Graphics , без ОС]",319990,15.6,1920x1080,Intel Core i5-1135G7,8,256,Intel Iris Xe Graphics,без ОС
5054896,/product/c6c3ad74fda2ed20/156-noutbuk-lenovo-ideapad-3-15alc6-serebristyj/,"15.6"" Ноутбук Lenovo IdeaPad 3 15ALC6 серебристый [Full HD (1920x1080), TN+film, AMD Ryzen 5 5500U, ядра: 6 х 2.1 ГГц, RAM 8 ГБ, SSD 512 ГБ, AMD Radeon Graphics , без ОС]",319990,15.6,1920x1080,AMD Ryzen 5 5500U,8,512,AMD Radeon Graphics,без ОС
4900587,/product/b4a907aca4c46200/156-noutbuk-lenovo-ideapad-3-15itl6-seryj/,"15.6"" Ноутбук Lenovo IdeaPad 3 15ITL6 серый [Full HD (1920x1080), IPS, Intel Core i3-1115G4, ядра: 2 х 3 ГГц, RAM 8 ГБ, SSD 256 ГБ, Intel UHD Graphics , Windows 10 Home Single Language]",319990,15.6,1920x1080,Intel Core i3-1115G4,8,256,Intel UHD Graphics,Windows 10 Home Single Language
4900556,/product/5dd56781a0f76200/156-noutbuk-lenovo-ideapad-l3-15itl6-seryj/,"15.6"" Ноутбук Lenovo IdeaPad L3 15ITL6 серый [Full HD (1920x1080), IPS, Intel Core i3-1115G4, ядра: 2 х 3 ГГц, RAM 8 ГБ, SSD 512 ГБ, Intel UHD Graphics , без ОС]",319990,15.6,1920x1080,Intel Core i3-1115G4,8,512,Intel UHD Graphics,без ОС
5324315,/product/95088d8caeca2eb0/156-noutbuk-lenovo-thinkbook-15-g2-itl-seryj/,"15.6"" Ноутбук Lenovo ThinkBook 15 G2 ITL серый [Full HD (1920x1080), IPS, Intel Core i3-1115G4, ядра: 2 х 3 ГГц, RAM 8 ГБ, SSD 256 ГБ, Intel UHD Graphics , без ОС]",319990,15.6,1920x1080,Intel Core i3-1115G4,8,256,Intel UHD Graphics,без ОС
5057661,/product/dccb5182065ded20/156-noutbuk-lenovo-v15-g2-alc-cernyj/,"15.6"" Ноутбук Lenovo V15 G2 ALC черный [Full HD (1920x1080), TN+film, AMD Ryzen 5 5500U, ядра: 6 х 2.1 ГГц, RAM 8 ГБ, SSD 256 ГБ, AMD Radeon Graphics , без ОС]",319990,15.6,1920x1080,AMD Ryzen 5 5500U,8,256,AMD Radeon Graphics,без ОС
4831288,/product/ef385902d2fe2ff2/156-noutbuk-acer-aspire-3-a315-58-3343-serebristyj/,"15.6"" Ноутбук Acer Aspire 3 A315-58-3343 серебристый [Full HD (1920x1080), TN+film, Intel Core i3-1115G4, ядра: 2 х 3 ГГц, RAM 8 ГБ, SSD 256 ГБ, Intel UHD Graphics , Windows 11 Home Single Language]",320990,15.6,1920x1080,Intel Core i3-1115G4,8,256,Intel UHD Graphics,Windows 11 Home Single Language
5057659,/product/6c8a3903065ded20/156-noutbuk-lenovo-v15-g2-alc-cernyj/,"15.6"" Ноутбук Lenovo V15 G2 ALC черный [Full HD (1920x1080), TN+film, AMD Ryzen 5 5500U, ядра: 6 х 2.1 ГГц, RAM 8 ГБ, SSD 512 ГБ, AMD Radeon Graphics , без ОС]",334990,15.6,1920x1080,AMD Ryzen 5 5500U,8,512,AMD Radeon Graphics,без ОС
4900586,/product/f7ec57d3a4c06200/14-noutbuk-asus-zenbook-ux425ea-ki846w-seryj/,"14"" Ноутбук ASUS Zenbook UX425EA-KI846W серый [Full HD (1920x1080), IPS, Intel Core i5-1135G7, ядра: 4 х 2.4 ГГц, RAM 8 ГБ, SSD 256 ГБ, Intel Iris Xe Graphics , Windows 11 Home Single Language]",339990,14,1920x1080,Intel Core i5-1135G7,8,256,Intel Iris Xe Graphics,Windows 11 Home Single Language
4900592,/product/b4a907b6a4c46200/14-noutbuk-lenovo-v14-g2-alc-seryj/,"14"" Ноутбук Lenovo V14-G2 ALC серый [Full HD (1920x1080), TN+film, AMD Ryzen 3 5300U, ядра: 4 х 2.6 ГГц, RAM 8 ГБ, SSD 256 ГБ, AMD Radeon Graphics , без ОС]",339990,14,1920x1080,AMD Ryzen 3 5300U,8,256,AMD Radeon Graphics,без ОС
5062244,/product/6cb7bf631474ed20/156-noutbuk-lenovo-ideapad-v15-gen-3-iap-cernyj/,"15.6"" Ноутбук Lenovo IdeaPad V15 Gen 3 IAP черный [Full HD (1920x1080), TN+film, Intel Core i3-1215U, ядра: 2 + 4, RAM 8 ГБ, SSD 512 ГБ, Intel UHD Graphics , без ОС]",339990,15.6,1920x1080,Intel Core i3-1215U,8,512,Intel UHD Graphics,без ОС
5318427,/product/138398a291eb3333/14-noutbuk-dream-machines-g1650ti-14kz30-cernyj/,"14"" Ноутбук Dream Machines G1650Ti-14KZ30 черный [Full HD (1920x1080), WVA (TN+film), Intel Core i3-1115G4, ядра: 2 х 3 ГГц, RAM 8 ГБ, SSD 500 ГБ, GeForce GTX 1650 Ti 4 ГБ, без ОС]",349990,14,1920x1080,Intel Core i3-1115G4,8,500,GeForce GTX 1650 Ti 4 ГБ,без ОС
9937016,/product/07b3952c697e3f1b/156-noutbuk-asus-vivobook-15x-oled-x1503za-l1493-sinij/,"15.6"" Ноутбук ASUS VivoBook 15X OLED X1503ZA-L1493 синий [Full HD (1920x1080), OLED, Intel Core i3-1220P, ядра: 2 + 8, RAM 16 ГБ, SSD 512 ГБ, Intel UHD Graphics , без ОС]",349990,15.6,1920x1080,Intel Core i3-1220P,16,512,Intel UHD Graphics,без ОС
5322454,/product/3426d3d2a24a2eb0/156-noutbuk-lenovo-thinkbook-15-g2-are-seryj/,"15.6"" Ноутбук Lenovo ThinkBook 15 G2 ARE серый [Full HD (1920x1080), IPS, AMD Ryzen 5 4500U, ядра: 6 х 2.3 ГГц, RAM 8 ГБ, HDD 1000 ГБ, AMD Radeon Graphics , без ОС]",349990,15.6,1920x1080,AMD Ryzen 5 4500U,8,1000,AMD Radeon Graphics,без ОС
9962132,/product/b07e980c949b1922/14-noutbuk-asus-vivobook-s-14-flip-oled-tn3402qa-lz147w-sinij/,"14"" Ноутбук ASUS Vivobook S 14 Flip OLED TN3402QA-LZ147W синий [2880x1800, OLED, AMD Ryzen 5 5600H, ядра: 6 х 3.3 ГГц, RAM 8 ГБ, SSD 512 ГБ, AMD Radeon Graphics , Windows 11 Home Single Language]",359990,14,2880x1800,AMD Ryzen 5 5600H,8,512,AMD Radeon Graphics,Windows 11 Home Single Language
9943963,/product/ca270ae1c3e6c6bf/156-noutbuk-asus-vivobook-pro-15-m6500qh-hn075-sinij/,"15.6"" Ноутбук ASUS VivoBook Pro 15 M6500QH-HN075 синий [Full HD (1920x1080), IPS, AMD Ryzen 5 5600H, ядра: 6 х 3.3 ГГц, RAM 8 ГБ, SSD 512 ГБ, GeForce GTX 1650 4 ГБ, без ОС]",359990,15.6,1920x1080,AMD Ryzen 5 5600H,8,512,GeForce GTX 1650 4 ГБ,без ОС
4900555,/product/5dd5677fa0f76200/156-noutbuk-lenovo-ideapad-l3-15itl6-seryj/,"15.6"" Ноутбук Lenovo IdeaPad L3 15ITL6 серый [Full HD (1920x1080), IPS, Intel Core i3-1115G4, ядра: 2 х 3 ГГц, RAM 8 ГБ, SSD 512 ГБ, Intel UHD Graphics , Windows 10 Home Single Language]",364990,15.6,1920x1080,Intel Core i3-1115G4,8,512,Intel UHD Graphics,Windows 10 Home Single Language
9932220,/product/f9130e4007aa460b/156-noutbuk-asus-tuf-gaming-a15-fa506ihrb-hn084-cernyj/,"15.6"" Ноутбук ASUS TUF Gaming A15 FA506IHRB-HN084 черный [Full HD (1920x1080), IPS, AMD Ryzen 5 4600H, ядра: 6 х 3 ГГц, RAM 8 ГБ, SSD 512 ГБ, GeForce GTX 1650 4 ГБ, без ОС]",369990,15.6,1920x1080,AMD Ryzen 5 4600H,8,512,GeForce GTX 1650 4 ГБ,без ОС
4900554,/product/5dd5677da0f76200/156-noutbuk-lenovo-ideapad-l3-15itl6-seryj/,"15.6"" Ноутбук Lenovo IdeaPad L3 15ITL6 серый [Full HD (1920x1080), IPS, Intel Core i5-1135G7, ядра: 4 х 2.4 ГГц, RAM 8 ГБ, HDD 1000 ГБ, Intel Iris Xe Graphics , без ОС]",369990,15.6,1920x1080,Intel Core i5-1135G7,8,1000,Intel Iris Xe Graphics,без ОС
5324744,/product/f12b9a90af092eb0/133-ultrabuk-asus-zenbook-13-oled-ux325ea-kg230t-seryj/,"13.3"" Ультрабук ASUS Zenbook 13 OLED UX325EA-KG230T серый [Full HD (1920x1080), OLED, Intel Core i5-1135G7, ядра: 4 х 2.4 ГГц, RAM 8 ГБ, SSD 512 ГБ, Intel Iris Xe Graphics , Windows 10 Home Single Language]",379990,13.3,1920x1080,Intel Core i5-1135G7,8,512,Intel Iris Xe Graphics,Windows 10 Home Single Language
5082343,/product/c24b8c305904ed20/156-noutbuk-ardor-gaming-neo-g15-i5nd200-cernyj/,"15.6"" Ноутбук ARDOR GAMING NEO G15-I5ND200 черный [Full HD (1920x1080), IPS, Intel Core i5-12500H, ядра: 4 + 8 х 2.5 ГГц, RAM 16 ГБ, SSD 512 ГБ, GeForce GTX 1650 4 ГБ, без ОС]",379990,15.6,1920x1080,Intel Core i5-12500H,16,512,GeForce GTX 1650 4 ГБ,без ОС
9910805,/product/5c45d1344422bd95/156-noutbuk-acer-aspire-5-a515-45-r7v5-serebristyj/,"15.6"" Ноутбук Acer Aspire 5 A515-45-R7V5 серебристый [Full HD (1920x1080), IPS, AMD Ryzen 5 5500U, ядра: 6 х 2.1 ГГц, RAM 8 ГБ, SSD 512 ГБ, AMD Radeon Graphics , Windows 11 Home Single Language]",389990,15.6,1920x1080,AMD Ryzen 5 5500U,8,512,AMD Radeon Graphics,Windows 11 Home Single Language
5058743,/product/77d0e9e508bded20/156-noutbuk-lenovo-v15-g2-alc-cernyj/,"15.6"" Ноутбук Lenovo V15 G2 ALC черный [Full HD (1920x1080), TN+film, AMD Ryzen 7 5700U, ядра: 8 х 1.8 ГГц, RAM 8 ГБ, SSD 512 ГБ, AMD Radeon Graphics , без ОС]",389990,15.6,1920x1080,AMD Ryzen 7 5700U,8,512,AMD Radeon Graphics,без ОС
9943962,/product/495d766b90c6b230/16-noutbuk-asus-vivobook-16x-x1603za-mb110-sinij/,"16"" Ноутбук ASUS VivoBook 16X X1603ZA-MB110 синий [английская раскладка, 1920x1200, IPS, Intel Core i5-12500H, ядра: 4 + 8 х 2.5 ГГц, RAM 16 ГБ, SSD 512 ГБ, Intel Iris Xe Graphics , без ОС]",389990,16,1920x1200,Intel Core i5-12500H,16,512,Intel Iris Xe Graphics,без ОС
5057649,/product/53db86a6065bed20/156-noutbuk-lenovo-v15-g3-iap-cernyj/,"15.6"" Ноутбук Lenovo V15 G3 IAP черный [Full HD (1920x1080), TN+film, Intel Core i5-1235U, ядра: 2 + 8 х 1.3 ГГц, RAM 8 ГБ, SSD 256 ГБ, Intel Iris Xe Graphics , без ОС]",394990,15.6,1920x1080,Intel Core i5-1235U,8,256,Intel Iris Xe Graphics,без ОС
5318425,/product/1383989e91eb3333/14-noutbuk-dream-machines-g1650-14kz55-cernyj/,"14"" Ноутбук Dream Machines G1650-14KZ55 черный [Full HD (1920x1080), WVA (TN+film), Intel Core i7-1165G7, ядра: 4 х 2.8 ГГц, RAM 8 ГБ, SSD 500 ГБ, GeForce GTX 1650 4 ГБ, без ОС]",399990,14,1920x1080,Intel Core i7-1165G7,8,500,GeForce GTX 1650 4 ГБ,без ОС
5082347,/product/f3b268785904ed20/156-noutbuk-ardor-gaming-neo-g15-i5nd201-cernyj/,"15.6"" Ноутбук ARDOR GAMING NEO G15-I5ND201 черный [Full HD (1920x1080), IPS, Intel Core i5-12500H, ядра: 4 + 8 х 2.5 ГГц, RAM 16 ГБ, SSD 512 ГБ, GeForce RTX 3050 для ноутбуков 4 ГБ, без ОС]",399990,15.6,1920x1080,Intel Core i5-12500H,16,512,GeForce RTX 3050 для ноутбуков 4 ГБ,без ОС
5059851,/product/d86051a00d65ed20/156-noutbuk-asus-vivobook-15-oled-m513ua-l1611w-cernyj/,"15.6"" Ноутбук ASUS VivoBook 15 OLED M513UA-L1611W черный [Full HD (1920x1080), OLED, AMD Ryzen 5 5500U, ядра: 6 х 2.1 ГГц, RAM 16 ГБ, SSD 512 ГБ, AMD Radeon Graphics , Windows 11 Home Single Language]",399990,15.6,1920x1080,AMD Ryzen 5 5500U,16,512,AMD Radeon Graphics,Windows 11 Home Single Language
4882830,/product/74aaa2d336c2ed20/156-noutbuk-acer-nitro-5-an515-57-524e-cernyj/,"15.6"" Ноутбук Acer Nitro 5 AN515-57-524E черный [Full HD (1920x1080), IPS, Intel Core i5-11400H, ядра: 6 х 2.7 ГГц, RAM 16 ГБ, SSD 512 ГБ, GeForce RTX 3050 для ноутбуков 4 ГБ, без ОС]",399990,15.6,1920x1080,Intel Core i5-11400H,16,512,GeForce RTX 3050 для ноутбуков 4 ГБ,без ОС
5320393,/product/d442fbfd98f72eb0/156-noutbuk-dell-latitude-3510-cernyj/,"15.6"" Ноутбук Dell Latitude 3510 черный [Full HD (1920x1080), WVA (TN+film), Intel Core i5-10210U, ядра: 4 х 1.6 ГГц, RAM 8 ГБ, SSD 256 ГБ, Intel HD Graphics , Windows 10 Pro]",399990,15.6,1920x1080,Intel Core i5-10210U,8,256,Intel HD Graphics,Windows 10 Pro
9900743,/product/8471d5e391fec637/156-noutbuk-hp-probook-450-g8-serebristyj/,"15.6"" Ноутбук HP ProBook 450 G8 серебристый [Full HD (1920x1080), IPS, Intel Core i5-1135G7, ядра: 4 х 2.4 ГГц, RAM 8 ГБ, SSD 256 ГБ, Intel Iris Xe Graphics , Windows 10 Pro]",399990,15.6,1920x1080,Intel Core i5-1135G7,8,256,Intel Iris Xe Graphics,Windows 10 Pro
5357549,/product/3fed337c9fa32ff4/156-noutbuk-hp-probook-450-g8-serebristyj/,"15.6"" Ноутбук HP ProBook 450 G8 серебристый [Full HD (1920x1080), IPS, Intel Core i5-1135G7, ядра: 4 х 2.4 ГГц, RAM 8 ГБ, SSD 256 ГБ, Intel Iris Xe Graphics , Windows 10 Pro]",399990,15.6,1920x1080,Intel Core i5-1135G7,8,256,Intel Iris Xe Graphics,Windows 10 Pro
4900590,/product/b4a907b2a4c46200/156-noutbuk-lenovo-thinkbook-15-g2-are-seryj/,"15.6"" Ноутбук Lenovo ThinkBook 15 G2 ARE серый [Full HD (1920x1080), IPS, AMD Ryzen 5 4500U, ядра: 6 х 2.3 ГГц, RAM 4 ГБ, SSD 256 ГБ, AMD Radeon Graphics , без ОС]",399990,15.6,1920x1080,AMD Ryzen 5 4500U,4,256,AMD Radeon Graphics,без ОС
4874024,/product/22ec60aa2260ed20/156-noutbuk-lenovo-v15-g2-itl-cernyj/,"15.6"" Ноутбук Lenovo V15 G2 ITL черный [Full HD (1920x1080), TN+film, Intel Core i5-1135G7, ядра: 4 х 2.4 ГГц, RAM 8 ГБ, SSD 512 ГБ, Intel Iris Xe Graphics , без ОС]",399990,15.6,1920x1080,Intel Core i5-1135G7,8,512,Intel Iris Xe Graphics,без ОС
5057653,/product/cb96b9c7065bed20/156-noutbuk-lenovo-v15-g3-iap-cernyj/,"15.6"" Ноутбук Lenovo V15 G3 IAP черный [Full HD (1920x1080), TN+film, Intel Core i5-1235U, ядра: 2 + 8 х 1.3 ГГц, RAM 8 ГБ, SSD 512 ГБ, Intel UHD Graphics , без ОС]",399990,15.6,1920x1080,Intel Core i5-1235U,8,512,Intel UHD Graphics,без ОС
9934730,/product/1cb9057e106e697f/156-noutbuk-acer-nitro-5-an515-46-cernyj/,"15.6"" Ноутбук Acer Nitro 5 AN515-46 черный [Full HD (1920x1080), IPS, AMD Ryzen 5 6600H, ядра: 6 х 3.3 ГГц, RAM 16 ГБ, SSD 512 ГБ, GeForce RTX 3050 для ноутбуков 4 ГБ, без ОС]",409990,15.6,1920x1080,AMD Ryzen 5 6600H,16,512,GeForce RTX 3050 для ноутбуков 4 ГБ,без ОС
9943964,/product/3b434ca27d44ba58/156-noutbuk-asus-tuf-gaming-f15-fx506lhb-hn324-cernyj/,"15.6"" Ноутбук ASUS TUF Gaming F15 FX506LHB-HN324 черный [Full HD (1920x1080), IPS, Intel Core i5-10300H, ядра: 4 х 2.5 ГГц, RAM 16 ГБ, SSD 512 ГБ, GeForce GTX 1650 4 ГБ, без ОС]",419990,15.6,1920x1080,Intel Core i5-10300H,16,512,GeForce GTX 1650 4 ГБ,без ОС
4900669,/product/e3f2781cb1806200/156-noutbuk-lenovo-thinkbook-15-g3-acl-seryj/,"15.6"" Ноутбук Lenovo ThinkBook 15 G3 ACL серый [Full HD (1920x1080), IPS, AMD Ryzen 5 5500U, ядра: 6 х 2.1 ГГц, RAM 8 ГБ, HDD 1000 ГБ, SSD 256 ГБ, AMD Radeon Graphics , без ОС]",427990,15.6,1920x1080,AMD Ryzen 5 5500U,8,1000,AMD Radeon Graphics,без ОС
5062537,/product/db4f9d0016c2ed20/156-noutbuk-asus-tuf-gaming-a15-fa506icb-hn105-cernyj/,"15.6"" Ноутбук ASUS TUF Gaming A15 FA506ICB-HN105 черный [Full HD (1920x1080), IPS, AMD Ryzen 5 4600H, ядра: 6 х 3 ГГц, RAM 8 ГБ, SSD 512 ГБ, GeForce RTX 3050 для ноутбуков 4 ГБ, без ОС]",429890,15.6,1920x1080,AMD Ryzen 5 4600H,8,512,GeForce RTX 3050 для ноутбуков 4 ГБ,без ОС
1697923,/product/5be815a1dd243332/14-noutbuk-acer-swift-3-sf314-57g-59dk-sinij/,"14"" Ноутбук Acer Swift 3 SF314-57G-59DK синий [Full HD (1920x1080), IPS, Intel Core i5-1035G1, ядра: 4 х 1 ГГц, RAM 8 ГБ, SSD 512 ГБ, GeForce MX350 2 ГБ, Windows 10 Home Single Language]",429990,14,1920x1080,Intel Core i5-1035G1,8,512,GeForce MX350 2 ГБ,Windows 10 Home Single Language
5318430,/product/138398a891eb3333/14-noutbuk-dream-machines-g1650ti-14kz57-cernyj/,"14"" Ноутбук Dream Machines G1650Ti-14KZ57 черный [Full HD (1920x1080), WVA (TN+film), Intel Core i7-1165G7, ядра: 4 х 2.8 ГГц, RAM 16 ГБ, SSD 1000 ГБ, GeForce GTX 1650 Ti 4 ГБ, без ОС]",429990,14,1920x1080,Intel Core i7-1165G7,16,1000,GeForce GTX 1650 Ti 4 ГБ,без ОС
4901198,/product/49a9b993c5e26200/14-ultrabuk-hp-pavilion-laptop-14-dv0035ur-serebristyj/,"14"" Ультрабук HP Pavilion Laptop 14-dv0035ur серебристый [Full HD (1920x1080), IPS, Intel Core i5-1135G7, ядра: 4 х 2.4 ГГц, RAM 8 ГБ, SSD 512 ГБ, Intel Iris Xe Graphics , Windows 11 Home Single Language]",429990,14,1920x1080,Intel Core i5-1135G7,8,512,Intel Iris Xe Graphics,Windows 11 Home Single Language
4737131,/product/8a8743dc2e343332/156-noutbuk-lenovo-ideapad-gaming-3-15imh05-cernyj/,"15.6"" Ноутбук Lenovo IdeaPad Gaming 3 15IMH05 черный [Full HD (1920x1080), IPS, Intel Core i5-10300H, ядра: 4 х 2.5 ГГц, RAM 8 ГБ, SSD 256 ГБ, GeForce GTX 1650 Ti 4 ГБ, без ОС]",429990,15.6,1920x1080,Intel Core i5-10300H,8,256,GeForce GTX 1650 Ti 4 ГБ,без ОС
4900236,/product/9b5e180f6474d050/156-noutbuk-msi-modern-15-a11mu-854xkz-serebristyj/,"15.6"" Ноутбук MSI Modern 15 A11MU-854XKZ серебристый [Full HD (1920x1080), IPS, Intel Core i7-1195G7, ядра: 4 х 2.9 ГГц, RAM 16 ГБ, SSD 512 ГБ, Intel Iris Xe Graphics , без ОС]",429990,15.6,1920x1080,Intel Core i7-1195G7,16,512,Intel Iris Xe Graphics,без ОС
9944253,/product/dd4c6795a3825ba7/14-noutbuk-asus-vivobook-s-14-oled-m3402ra-km009-cernyj/,"14"" Ноутбук ASUS VivoBook S 14 OLED M3402RA-KM009 черный [2880x1800, OLED, AMD Ryzen 7 6800H, ядра: 8 х 3.2 ГГц, RAM 16 ГБ, SSD 512 ГБ, AMD Radeon Graphics , без ОС]",434990,14,2880x1800,AMD Ryzen 7 6800H,16,512,AMD Radeon Graphics,без ОС
9944255,/product/b03b07e304707cd5/156-noutbuk-asus-rog-strix-g15-g513ih-hn078-seryj/,"15.6"" Ноутбук ASUS ROG STRIX G15 G513IH-HN078 серый [Full HD (1920x1080), IPS, AMD Ryzen 7 4800H, ядра: 8 х 2.9 ГГц, RAM 8 ГБ, SSD 512 ГБ, GeForce GTX 1650 4 ГБ, без ОС]",439990,15.6,1920x1080,AMD Ryzen 7 4800H,8,512,GeForce GTX 1650 4 ГБ,без ОС
4900302,/product/415f5238691ed050/156-noutbuk-asus-tuf-gaming-a15-fa506ic-hn095-cernyj/,"15.6"" Ноутбук ASUS TUF Gaming A15 FA506IC-HN095 черный [Full HD (1920x1080), IPS, AMD Ryzen 7 4800H, ядра: 8 х 2.9 ГГц, RAM 8 ГБ, SSD 512 ГБ, GeForce RTX 3050 для ноутбуков 4 ГБ, без ОС]",449990,15.6,1920x1080,AMD Ryzen 7 4800H,8,512,GeForce RTX 3050 для ноутбуков 4 ГБ,без ОС
5054929,/product/a5b76dc2fdabed20/156-noutbuk-lenovo-ideapad-3-15itl6-serebristyj/,"15.6"" Ноутбук Lenovo IdeaPad 3 15ITL6 серебристый [Full HD (1920x1080), TN+film, Intel Core i7-1165G7, ядра: 4 х 2.8 ГГц, RAM 8 ГБ, SSD 512 ГБ, GeForce MX450 2 ГБ, без ОС]",449990,15.6,1920x1080,Intel Core i7-1165G7,8,512,GeForce MX450 2 ГБ,без ОС
5082348,/product/130625475905ed20/173-noutbuk-ardor-gaming-neo-g17-i5nd203-seryj/,"17.3"" Ноутбук ARDOR GAMING NEO G17-I5ND203 серый [Full HD (1920x1080), IPS, Intel Core i5-12500H, ядра: 4 + 8 х 2.5 ГГц, RAM 16 ГБ, SSD 512 ГБ, GeForce RTX 3050 для ноутбуков 4 ГБ, без ОС]",449990,17.3,1920x1080,Intel Core i5-12500H,16,512,GeForce RTX 3050 для ноутбуков 4 ГБ,без ОС
5322440,/product/3426d3b6a24a2eb0/14-noutbuk-lenovo-ideapad-flex-5-14are05-seryj/,"14"" Ноутбук Lenovo IdeaPad Flex 5 14ARE05 серый [Full HD (1920x1080), IPS, AMD Ryzen 5 4500U, ядра: 6 х 2.3 ГГц, RAM 8 ГБ, SSD 256 ГБ, AMD Radeon Graphics , Windows 10 Home Single Language]",469990,14,1920x1080,AMD Ryzen 5 4500U,8,256,AMD Radeon Graphics,Windows 10 Home Single Language
4732855,/product/8b49b24a23da3332/133-noutbuk-apple-macbook-air-seryj/,"13.3"" Ноутбук Apple MacBook Air серый [2560x1600, IPS, Apple M1, ядра: 4 + 4, RAM 8 ГБ, SSD 256 ГБ, Apple M1 7-core , macOS]",475990,13.3,2560x1600,Apple M1,8,256,Apple M1 7-core,macOS
4831487,/product/3f75ab84d2ff2ff2/156-noutbuk-acer-aspire-7-a715-42g-r4gr-cernyj/,"15.6"" Ноутбук Acer Aspire 7 A715-42G-R4GR черный [Full HD (1920x1080), IPS, AMD Ryzen 5 5500U, ядра: 6 х 2.1 ГГц, RAM 8 ГБ, SSD 512 ГБ, GeForce RTX 3050 для ноутбуков 4 ГБ, без ОС]",479990,15.6,1920x1080,AMD Ryzen 5 5500U,8,512,GeForce RTX 3050 для ноутбуков 4 ГБ,без ОС
4732858,/product/ef67123d23db3332/133-noutbuk-apple-macbook-air-zolotistyj/,"13.3"" Ноутбук Apple MacBook Air золотистый [2560x1600, IPS, Apple M1, ядра: 4 + 4, RAM 8 ГБ, SSD 256 ГБ, Apple M1 7-core , macOS]",499990,13.3,2560x1600,Apple M1,8,256,Apple M1 7-core,macOS
4732857,/product/5153a3e023db3332/133-noutbuk-apple-macbook-air-serebristyj/,"13.3"" Ноутбук Apple MacBook Air серебристый [2560x1600, IPS, Apple M1, ядра: 4 + 4, RAM 8 ГБ, SSD 256 ГБ, Apple M1 7-core , macOS]",499990,13.3,2560x1600,Apple M1,8,256,Apple M1 7-core,macOS
5082621,/product/ad037acc59cfed20/156-noutbuk-ardor-gaming-neo-g15-i5nd204-cernyj/,"15.6"" Ноутбук ARDOR GAMING NEO G15-I5ND204 черный [Full HD (1920x1080), IPS, Intel Core i5-12500H, ядра: 4 + 8 х 2.5 ГГц, RAM 16 ГБ, SSD 512 ГБ, GeForce RTX 3060 для ноутбуков 6 ГБ, без ОС]",499990,15.6,1920x1080,Intel Core i5-12500H,16,512,GeForce RTX 3060 для ноутбуков 6 ГБ,без ОС
4900305,/product/415f523e691ed050/156-noutbuk-asus-tuf-dash-f15-fx516pe-hn044-belyj/,"15.6"" Ноутбук ASUS TUF Dash F15 FX516PE-HN044 белый [Full HD (1920x1080), IPS, Intel Core i5-11300H, ядра: 4 х 3.1 ГГц, RAM 16 ГБ, SSD 512 ГБ, GeForce RTX 3050 Ti для ноутбуков 4 ГБ, без ОС]",499990,15.6,1920x1080,Intel Core i5-11300H,16,512,GeForce RTX 3050 Ti для ноутбуков 4 ГБ,без ОС
9923774,/product/b34da43647337eed/156-noutbuk-asus-tuf-gaming-f15-fx506hc-hn006-cernyj/,"15.6"" Ноутбук ASUS TUF Gaming F15 FX506HC-HN006 черный [Full HD (1920x1080), IPS, Intel Core i5-11400H, ядра: 6 х 2.7 ГГц, RAM 16 ГБ, SSD 512 ГБ, GeForce RTX 3050 для ноутбуков 4 ГБ, без ОС]",499990,15.6,1920x1080,Intel Core i5-11400H,16,512,GeForce RTX 3050 для ноутбуков 4 ГБ,без ОС
4900539,/product/7430da839f5a6200/156-noutbuk-asus-tuf-gaming-f15-fx506hc-hn105-cernyj/,"15.6"" Ноутбук ASUS TUF Gaming F15 FX506HC-HN105 черный [Full HD (1920x1080), IPS, Intel Core i5-11400H, ядра: 6 х 2.7 ГГц, RAM 16 ГБ, SSD 512 ГБ, GeForce RTX 3050 для ноутбуков 4 ГБ, без ОС]",499990,15.6,1920x1080,Intel Core i5-11400H,16,512,GeForce RTX 3050 для ноутбуков 4 ГБ,без ОС
9943966,/product/631bed6cb1feb06c/156-noutbuk-asus-vivobook-pro-15-oled-m6500qc-ma035-sinij/,"15.6"" Ноутбук ASUS VivoBook Pro 15 OLED M6500QC-MA035 синий [2880x1620, OLED, AMD Ryzen 7 5800H, ядра: 8 х 3.2 ГГц, RAM 16 ГБ, SSD 512 ГБ, GeForce RTX 3050 для ноутбуков 4 ГБ, без ОС]",499990,15.6,2880x1620,AMD Ryzen 7 5800H,16,512,GeForce RTX 3050 для ноутбуков 4 ГБ,без ОС
5045634,/product/77068468e62eed20/156-noutbuk-gigabyte-g5-ge-cernyj/,"15.6"" Ноутбук GIGABYTE G5 GE черный [Full HD (1920x1080), IPS, Intel Core i5-12500H, ядра: 4 + 8 х 2.5 ГГц, RAM 16 ГБ, SSD 512 ГБ, GeForce RTX 3050 для ноутбуков 4 ГБ, без ОС]",499990,15.6,1920x1080,Intel Core i5-12500H,16,512,GeForce RTX 3050 для ноутбуков 4 ГБ,без ОС
5058427,/product/597d10f207f7ed20/156-noutbuk-lenovo-v15-g3-iap-cernyj/,"15.6"" Ноутбук Lenovo V15 G3 IAP черный [Full HD (1920x1080), TN+film, Intel Core i5-1235U, ядра: 2 + 8 х 1.3 ГГц, RAM 8 ГБ, SSD 512 ГБ, Intel UHD Graphics , Windows 11 Pro]",499990,15.6,1920x1080,Intel Core i5-1235U,8,512,Intel UHD Graphics,Windows 11 Pro
5057646,/product/1b8e6ec0065aed20/156-noutbuk-lenovo-v15-g3-iap-cernyj/,"15.6"" Ноутбук Lenovo V15 G3 IAP черный [Full HD (1920x1080), TN+film, Intel Core i7-1255U, ядра: 2 + 8 х 1.7 ГГц, RAM 8 ГБ, SSD 512 ГБ, Intel UHD Graphics , без ОС]",499990,15.6,1920x1080,Intel Core i7-1255U,8,512,Intel UHD Graphics,без ОС
9964415,/product/807df143d556730b/16-noutbuk-asus-vivobook-pro-16-k6602hc-n1071-sinij/,"16"" Ноутбук ASUS VivoBook Pro 16 K6602HC-N1071 синий [1920x1200, IPS, Intel Core i5-11400H, ядра: 6 х 2.7 ГГц, RAM 16 ГБ, SSD 512 ГБ, GeForce RTX 3050 для ноутбуков 4 ГБ, без ОС]",499990,16,1920x1200,Intel Core i5-11400H,16,512,GeForce RTX 3050 для ноутбуков 4 ГБ,без ОС
4831243,/product/dc79da9fd2fe2ff2/156-noutbuk-acer-aspire-3-a315-58-79ga-serebristyj/,"15.6"" Ноутбук Acer Aspire 3 A315-58-79GA серебристый [Full HD (1920x1080), IPS, Intel Core i7-1165G7, ядра: 4 х 2.8 ГГц, RAM 8 ГБ, SSD 512 ГБ, Intel Iris Xe Graphics , Windows 10 Home Single Language]",509990,15.6,1920x1080,Intel Core i7-1165G7,8,512,Intel Iris Xe Graphics,Windows 10 Home Single Language
9943965,/product/4cfba9dda7b0c031/156-noutbuk-asus-vivobook-s15-oled-m3502qa-ma034w-cernyj/,"15.6"" Ноутбук ASUS VivoBook S15 OLED M3502QA-MA034W черный [2880x1620, OLED, AMD Ryzen 7 5800H, ядра: 8 х 3.2 ГГц, RAM 16 ГБ, SSD 512 ГБ, AMD Radeon Graphics , Windows 11 Home Single Language]",519990,15.6,2880x1620,AMD Ryzen 7 5800H,16,512,AMD Radeon Graphics,Windows 11 Home Single Language
4874380,/product/ce93b0062293ed20/14-noutbuk-realme-book-14-sinij/,"14"" Ноутбук Realme Book 14 синий [2160x1440, IPS, Intel Core i5-1135G7, ядра: 4 х 2.4 ГГц, RAM 8 ГБ, SSD 512 ГБ, Intel Iris Xe Graphics , Windows 10 Home Single Language]",529990,14,2160x1440,Intel Core i5-1135G7,8,512,Intel Iris Xe Graphics,Windows 10 Home Single Language
4900383,/product/da3d7ed68944d050/14-ultrabuk-realme-book-seryj/,"14"" Ультрабук Realme Book серый [2160x1440, IPS, Intel Core i5-1135G7, ядра: 4 х 2.4 ГГц, RAM 8 ГБ, SSD 512 ГБ, Intel Iris Xe Graphics , Windows 10 Home Single Language]",529990,14,2160x1440,Intel Core i5-1135G7,8,512,Intel Iris Xe Graphics,Windows 10 Home Single Language
5324542,/product/b9d8ffbbaf062eb0/156-noutbuk-lenovo-thinkbook-15-g2-itl-seryj/,"15.6"" Ноутбук Lenovo ThinkBook 15 G2 ITL серый [Full HD (1920x1080), IPS, Intel Core i5-1135G7, ядра: 4 х 2.4 ГГц, RAM 16 ГБ, SSD 512 ГБ, Intel Iris Xe Graphics , без ОС]",529990,15.6,1920x1080,Intel Core i5-1135G7,16,512,Intel Iris Xe Graphics,без ОС
5057648,/product/8e53a8e9065aed20/156-noutbuk-lenovo-v15-g3-iap-cernyj/,"15.6"" Ноутбук Lenovo V15 G3 IAP черный [Full HD (1920x1080), TN+film, Intel Core i7-1255U, ядра: 2 + 8 х 1.7 ГГц, RAM 16 ГБ, SSD 512 ГБ, Intel UHD Graphics , без ОС]",529990,15.6,1920x1080,Intel Core i7-1255U,16,512,Intel UHD Graphics,без ОС
5058433,/product/1745610907f8ed20/156-noutbuk-lenovo-thinkbook-15-g3-acl-seryj/,"15.6"" Ноутбук Lenovo ThinkBook 15 G3 ACL серый [Full HD (1920x1080), IPS, AMD Ryzen 7 5700U, ядра: 8 х 1.8 ГГц, RAM 16 ГБ, SSD 512 ГБ, AMD Radeon Graphics , без ОС]",544990,15.6,1920x1080,AMD Ryzen 7 5700U,16,512,AMD Radeon Graphics,без ОС
9937017,/product/5af360ed5514810b/156-noutbuk-asus-vivobook-pro-15-oled-k6500zc-ma359-sinij/,"15.6"" Ноутбук ASUS VivoBook Pro 15 OLED K6500ZC-MA359 синий [2880x1620, OLED, Intel Core i5-12500H, ядра: 4 + 8 х 2.5 ГГц, RAM 16 ГБ, SSD 512 ГБ, GeForce RTX 3050 для ноутбуков 4 ГБ, без ОС]",549990,15.6,2880x1620,Intel Core i5-12500H,16,512,GeForce RTX 3050 для ноутбуков 4 ГБ,без ОС
4792482,/product/472f0cf6938dd760/156-noutbuk-lenovo-ideapad-gaming-3-15ach6-cernyj/,"15.6"" Ноутбук Lenovo IdeaPad Gaming 3 15ACH6 черный [Full HD (1920x1080), IPS, AMD Ryzen 5 5600H, ядра: 6 х 3.3 ГГц, RAM 8 ГБ, SSD 512 ГБ, GeForce RTX 3050 для ноутбуков 4 ГБ, без ОС]",549990,15.6,1920x1080,AMD Ryzen 5 5600H,8,512,GeForce RTX 3050 для ноутбуков 4 ГБ,без ОС
9954028,/product/56f1b3fcac5a7cab/156-noutbuk-msi-katana-gf66-12ue-1053x-cernyj/,"15.6"" Ноутбук MSI Katana GF66 12UE-1053X черный [Full HD (1920x1080), IPS, Intel Core i5-12450H, ядра: 4 + 4, RAM 16 ГБ, SSD 512 ГБ, GeForce RTX 3060 для ноутбуков 6 ГБ, без ОС]",549990,15.6,1920x1080,Intel Core i5-12450H,16,512,GeForce RTX 3060 для ноутбуков 6 ГБ,без ОС
5064386,/product/1e07a6a41c3fed20/156-noutbuk-msi-katana-gf66-12ue-1053xru-cernyj/,"15.6"" Ноутбук MSI Katana GF66 12UE-1053XRU черный [Full HD (1920x1080), IPS, Intel Core i5-12450H, ядра: 4 + 4, RAM 16 ГБ, SSD 512 ГБ, GeForce RTX 3060 для ноутбуков 6 ГБ, без ОС]",549990,15.6,1920x1080,Intel Core i5-12450H,16,512,GeForce RTX 3060 для ноутбуков 6 ГБ,без ОС
5082624,/product/c83dcdd659cfed20/173-noutbuk-ardor-gaming-neo-g17-i5nd205-seryj/,"17.3"" Ноутбук ARDOR GAMING NEO G17-I5ND205 серый [Full HD (1920x1080), IPS, Intel Core i5-12500H, ядра: 4 + 8 х 2.5 ГГц, RAM 16 ГБ, SSD 512 ГБ, GeForce RTX 3060 для ноутбуков 6 ГБ, без ОС]",549990,17.3,1920x1080,Intel Core i5-12500H,16,512,GeForce RTX 3060 для ноутбуков 6 ГБ,без ОС
9934743,/product/711e52479fafe3ee/156-noutbuk-acer-nitro-5-an515-46-r031-cernyj/,"15.6"" Ноутбук Acer Nitro 5 AN515-46-R031 черный [Full HD (1920x1080), IPS, AMD Ryzen 7 6800H, ядра: 8 х 3.2 ГГц, RAM 16 ГБ, SSD 512 ГБ, GeForce RTX 3060 для ноутбуков 6 ГБ, без ОС]",557990,15.6,1920x1080,AMD Ryzen 7 6800H,16,512,GeForce RTX 3060 для ноутбуков 6 ГБ,без ОС
5322450,/product/3426d3caa24a2eb0/14-noutbuk-lenovo-thinkbook-14-g2-itl-seryj/,"14"" Ноутбук Lenovo ThinkBook 14 G2 ITL серый [Full HD (1920x1080), IPS, Intel Core i5-1135G7, ядра: 4 х 2.4 ГГц, RAM 8 ГБ, SSD 256 ГБ, Intel Iris Xe Graphics , Windows 10 Pro]",559990,14,1920x1080,Intel Core i5-1135G7,8,256,Intel Iris Xe Graphics,Windows 10 Pro
5057656,/product/78804548065ced20/14-noutbuk-lenovo-thinkbook-14-g4-iap-seryj/,"14"" Ноутбук Lenovo ThinkBook 14 G4 IAP серый [Full HD (1920x1080), IPS, Intel Core i5-1235U, ядра: 2 + 8 х 1.3 ГГц, RAM 16 ГБ, SSD 512 ГБ, Intel UHD Graphics , без ОС]",559990,14,1920x1080,Intel Core i5-1235U,16,512,Intel UHD Graphics,без ОС
5322453,/product/3426d3d0a24a2eb0/14-noutbuk-lenovo-thinkbook-g2-seryj/,"14"" Ноутбук Lenovo ThinkBook G2 серый [Full HD (1920x1080), IPS, Intel Core i7-1165G7, ядра: 4 х 2.8 ГГц, RAM 16 ГБ, SSD 512 ГБ, Intel Iris Xe Graphics , без ОС]",559990,14,1920x1080,Intel Core i7-1165G7,16,512,Intel Iris Xe Graphics,без ОС
5063831,/product/7c49b5de194aed20/156-noutbuk-lenovo-ideapad-gaming-3-15ach6-cernyj/,"15.6"" Ноутбук Lenovo IdeaPad Gaming 3 15ACH6 черный [Full HD (1920x1080), IPS, AMD Ryzen 5 5600H, ядра: 6 х 3.3 ГГц, RAM 16 ГБ, SSD 512 ГБ, GeForce RTX 3050 Ti для ноутбуков 4 ГБ, без ОС]",559990,15.6,1920x1080,AMD Ryzen 5 5600H,16,512,GeForce RTX 3050 Ti для ноутбуков 4 ГБ,без ОС
5062249,/product/7288e4251476ed20/156-noutbuk-lenovo-ideapad-gaming-3-15ihu6-cernyj/,"15.6"" Ноутбук Lenovo IdeaPad Gaming 3 15IHU6 черный [Full HD (1920x1080), IPS, Intel Core i5-11320H, ядра: 4 х 3.2 ГГц, RAM 16 ГБ, SSD 512 ГБ, GeForce RTX 3050 Ti для ноутбуков 4 ГБ, без ОС]",569990,15.6,1920x1080,Intel Core i5-11320H,16,512,GeForce RTX 3050 Ti для ноутбуков 4 ГБ,без ОС
5322452,/product/3426d3cea24a2eb0/14-noutbuk-lenovo-thinkbook-14-g2-itl-seryj/,"14"" Ноутбук Lenovo ThinkBook 14 G2 ITL серый [Full HD (1920x1080), IPS, Intel Core i5-1135G7, ядра: 4 х 2.4 ГГц, RAM 8 ГБ, SSD 512 ГБ, Intel Iris Xe Graphics , Windows 10 Pro]",579990,14,1920x1080,Intel Core i5-1135G7,8,512,Intel Iris Xe Graphics,Windows 10 Pro
5345378,/product/a9df11832fc82ff2/156-noutbuk-lenovo-thinkbook-15p-imh-seryj/,"15.6"" Ноутбук Lenovo ThinkBook 15p IMH серый [Full HD (1920x1080), IPS, Intel Core i5-10300H, ядра: 4 х 2.5 ГГц, RAM 8 ГБ, SSD 512 ГБ, GeForce GTX 1650 4 ГБ, без ОС]",579990,15.6,1920x1080,Intel Core i5-10300H,8,512,GeForce GTX 1650 4 ГБ,без ОС
5057658,/product/ec319292065ced20/156-noutbuk-lenovo-thinkbook-15-g4-iap-seryj/,"15.6"" Ноутбук Lenovo ThinkBook 15 G4 IAP серый [Full HD (1920x1080), IPS, Intel Core i5-1240P, ядра: 4 + 8 х 1.7 ГГц, RAM 16 ГБ, SSD 512 ГБ, Intel UHD Graphics , без ОС]",584990,15.6,1920x1080,Intel Core i5-1240P,16,512,Intel UHD Graphics,без ОС
9914269,/product/761e11410a2a43bc/156-noutbuk-dream-machines-rg3050-15kz33-cernyj/,"15.6"" Ноутбук Dream Machines RG3050-15KZ33 черный [Full HD (1920x1080), WVA (TN+film), Intel Core i5-12500H, ядра: 4 + 8 х 2.5 ГГц, RAM 16 ГБ, SSD 1000 ГБ, GeForce RTX 3050 для ноутбуков 4 ГБ, без ОС]",595990,15.6,1920x1080,Intel Core i5-12500H,16,1000,GeForce RTX 3050 для ноутбуков 4 ГБ,без ОС
4831484,/product/3f75ab81d2ff2ff2/156-noutbuk-acer-aspire-7-a715-42g-r76w-cernyj/,"15.6"" Ноутбук Acer Aspire 7 A715-42G-R76W черный [Full HD (1920x1080), IPS, AMD Ryzen 7 5700U, ядра: 8 х 1.8 ГГц, RAM 16 ГБ, SSD 512 ГБ, GeForce RTX 3050 для ноутбуков 4 ГБ, без ОС]",599990,15.6,1920x1080,AMD Ryzen 7 5700U,16,512,GeForce RTX 3050 для ноутбуков 4 ГБ,без ОС
9917032,/product/8bf96f5a84e48719/156-noutbuk-acer-nitro-5-an515-58-53w9-cernyj/,"15.6"" Ноутбук Acer Nitro 5 AN515-58-53W9 черный [Full HD (1920x1080), IPS, Intel Core i5-12500H, ядра: 4 + 8 х 2.5 ГГц, RAM 16 ГБ, SSD 512 ГБ, GeForce RTX 3060 для ноутбуков 6 ГБ, без ОС]",599990,15.6,1920x1080,Intel Core i5-12500H,16,512,GeForce RTX 3060 для ноутбуков 6 ГБ,без ОС
5064385,/product/1e07a6a31c3fed20/156-noutbuk-msi-katana-gf66-12ue-1052xru-cernyj/,"15.6"" Ноутбук MSI Katana GF66 12UE-1052XRU черный [Full HD (1920x1080), IPS, Intel Core i7-12650H, ядра: 6 + 4 х 2.3 ГГц, RAM 16 ГБ, SSD 512 ГБ, GeForce RTX 3060 для ноутбуков 6 ГБ, без ОС]",599990,15.6,1920x1080,Intel Core i7-12650H,16,512,GeForce RTX 3060 для ноутбуков 6 ГБ,без ОС
9914289,/product/9a31078ab5b90974/156-noutbuk-dream-machines-rg3050ti-15kz34-cernyj/,"15.6"" Ноутбук Dream Machines RG3050Ti-15KZ34 черный [Full HD (1920x1080), WVA (TN+film), Intel Core i5-12500H, ядра: 4 + 8 х 2.5 ГГц, RAM 32 ГБ, SSD 1000 ГБ, GeForce RTX 3050 Ti для ноутбуков 4 ГБ, без ОС]",609990,15.6,1920x1080,Intel Core i5-12500H,32,1000,GeForce RTX 3050 Ti для ноутбуков 4 ГБ,без ОС
4900499,/product/55a2172b95136200/156-noutbuk-msi-prestige-15-a11sc-083xkz-serebristyj/,"15.6"" Ноутбук MSI Prestige 15 A11SC-083XKZ серебристый [Full HD (1920x1080), IPS, Intel Core i7-1195G7, ядра: 4 х 2.9 ГГц, RAM 16 ГБ, SSD 512 ГБ, GeForce GTX 1650 4 ГБ, без ОС]",609990,15.6,1920x1080,Intel Core i7-1195G7,16,512,GeForce GTX 1650 4 ГБ,без ОС
5059844,/product/1c992b060d64ed20/156-noutbuk-asus-tuf-gaming-f15-fx506hm-hn148-seryj/,"15.6"" Ноутбук ASUS TUF Gaming F15 FX506HM-HN148 серый [Full HD (1920x1080), IPS, Intel Core i5-11400H, ядра: 6 х 2.7 ГГц, RAM 16 ГБ, SSD 512 ГБ, GeForce RTX 3060 для ноутбуков 6 ГБ, без ОС]",619890,15.6,1920x1080,Intel Core i5-11400H,16,512,GeForce RTX 3060 для ноутбуков 6 ГБ,без ОС
9911023,/product/11ede07a4bbc330b/136-noutbuk-apple-macbook-air-serebristyj/,"13.6"" Ноутбук Apple MacBook Air серебристый [2560x1664, IPS, Apple M2, ядра: 4 + 4, RAM 8 ГБ, SSD 256 ГБ, Apple M2 8-core , macOS]",629990,13.6,2560x1664,Apple M2,8,256,Apple M2 8-core,macOS
9901234,/product/e423f92a7a608704/136-noutbuk-apple-macbook-air-cernyj/,"13.6"" Ноутбук Apple MacBook Air черный [2560x1664, IPS, Apple M2, ядра: 4 + 4, RAM 8 ГБ, SSD 256 ГБ, Apple M2 8-core , macOS]",629990,13.6,2560x1664,Apple M2,8,256,Apple M2 8-core,macOS
9914272,/product/461f8ce4183530a0/156-noutbuk-dream-machines-rg3050-15kz34-cernyj/,"15.6"" Ноутбук Dream Machines RG3050-15KZ34 черный [Full HD (1920x1080), WVA (TN+film), Intel Core i5-12500H, ядра: 4 + 8 х 2.5 ГГц, RAM 32 ГБ, SSD 1000 ГБ, GeForce RTX 3050 для ноутбуков 4 ГБ, без ОС]",629990,15.6,1920x1080,Intel Core i5-12500H,32,1000,GeForce RTX 3050 для ноутбуков 4 ГБ,без ОС
5064407,/product/7b7987b61c3fed20/156-noutbuk-msi-katana-gf66-12ue-1051ru-cernyj/,"15.6"" Ноутбук MSI Katana GF66 12UE-1051RU черный [Full HD (1920x1080), IPS, Intel Core i7-12650H, ядра: 6 + 4, RAM 16 ГБ, SSD 512 ГБ, GeForce RTX 3060 для ноутбуков 6 ГБ, Windows 11 Home Single Language]",629990,15.6,1920x1080,Intel Core i7-12650H,16,512,GeForce RTX 3060 для ноутбуков 6 ГБ,Windows 11 Home Single Language
9911020,/product/7f8cb010485d34eb/136-noutbuk-apple-macbook-air-seryj/,"13.6"" Ноутбук Apple MacBook Air серый [2560x1664, IPS, Apple M2, ядра: 4 + 4, RAM 8 ГБ, SSD 256 ГБ, Apple M2 8-core , macOS]",639990,13.6,2560x1664,Apple M2,8,256,Apple M2 8-core,macOS
9916502,/product/a93eed40a1c1f325/136-noutbuk-apple-macbook-air-sinij/,"13.6"" Ноутбук Apple MacBook Air синий [2560x1664, IPS, Apple M2, ядра: 4 + 4, RAM 8 ГБ, SSD 256 ГБ, Apple M2 8-core , macOS]",639990,13.6,2560x1664,Apple M2,8,256,Apple M2 8-core,macOS
5322451,/product/3426d3cca24a2eb0/14-noutbuk-lenovo-thinkbook-g2-seryj/,"14"" Ноутбук Lenovo ThinkBook G2 серый [Full HD (1920x1080), IPS, Intel Core i7-1165G7, ядра: 4 х 2.8 ГГц, RAM 16 ГБ, SSD 512 ГБ, GeForce MX450 2 ГБ, Windows 10 Pro]",639990,14,1920x1080,Intel Core i7-1165G7,16,512,GeForce MX450 2 ГБ,Windows 10 Pro
9914273,/product/7b2c2554bbce3878/156-noutbuk-dream-machines-rg3050ti-15kz33-cernyj/,"15.6"" Ноутбук Dream Machines RG3050Ti-15KZ33 черный [Full HD (1920x1080), WVA (TN+film), Intel Core i5-12500H, ядра: 4 + 8 х 2.5 ГГц, RAM 16 ГБ, SSD 1000 ГБ, GeForce RTX 3050 Ti для ноутбуков 4 ГБ, без ОС]",639990,15.6,1920x1080,Intel Core i5-12500H,16,1000,GeForce RTX 3050 Ti для ноутбуков 4 ГБ,без ОС
5008073,/product/c904aed1798aed20/156-noutbuk-lenovo-legion-5-15imh6-cernyj/,"15.6"" Ноутбук Lenovo Legion 5 15IMH6 черный [Full HD (1920x1080), IPS, Intel Core i7-10750H, ядра: 6 х 2.6 ГГц, RAM 16 ГБ, SSD 512 ГБ, GeForce RTX 3050 Ti для ноутбуков 4 ГБ, Windows 11 Home Single Language]",649990,15.6,1920x1080,Intel Core i7-10750H,16,512,GeForce RTX 3050 Ti для ноутбуков 4 ГБ,Windows 11 Home Single Language
4900498,/product/55a2172995136200/156-noutbuk-msi-prestige-15-a11sc-082xkz-seryj/,"15.6"" Ноутбук MSI Prestige 15 A11SC-082XKZ серый [Full HD (1920x1080), IPS, Intel Core i7-1195G7, ядра: 4 х 2.9 ГГц, RAM 16 ГБ, SSD 512 ГБ, GeForce GTX 1650 4 ГБ, без ОС]",649990,15.6,1920x1080,Intel Core i7-1195G7,16,512,GeForce GTX 1650 4 ГБ,без ОС
9910802,/product/362ca1effb6ec9f9/156-noutbuk-acer-aspire-7-a715-51g-53zv-cernyj/,"15.6"" Ноутбук Acer Aspire 7 A715-51G-53ZV черный [Full HD (1920x1080), IPS, Intel Core i5-1240P, ядра: 4 + 8 х 1.7 ГГц, RAM 16 ГБ, SSD 512 ГБ, GeForce RTX 3050 для ноутбуков 4 ГБ, без ОС]",659990,15.6,1920x1080,Intel Core i5-1240P,16,512,GeForce RTX 3050 для ноутбуков 4 ГБ,без ОС
4806850,/product/fb0dfbf3a8ba2ff1/14-noutbuk-lenovo-thinkbook-14-g2-itl-seryj/,"14"" Ноутбук Lenovo ThinkBook 14 G2 ITL серый [Full HD (1920x1080), IPS, Intel Core i5-1135G7, ядра: 4 х 2.4 ГГц, RAM 16 ГБ, SSD 512 ГБ, Intel Iris Xe Graphics , Windows 10 Pro]",669990,14,1920x1080,Intel Core i5-1135G7,16,512,Intel Iris Xe Graphics,Windows 10 Pro
5058735,/product/a1534ba608bbed20/156-noutbuk-lenovo-thinkbook-15-g4-iap-seryj/,"15.6"" Ноутбук Lenovo ThinkBook 15 G4 IAP серый [Full HD (1920x1080), IPS, Intel Core i7-1255U, ядра: 2 + 8 х 1.7 ГГц, RAM 16 ГБ, SSD 512 ГБ, Intel Iris Xe Graphics , без ОС]",674990,15.6,1920x1080,Intel Core i7-1255U,16,512,Intel Iris Xe Graphics,без ОС
5057663,/product/aefb2fbc065eed20/14-noutbuk-lenovo-thinkbook-14-g4-iap-seryj/,"14"" Ноутбук Lenovo ThinkBook 14 G4 IAP серый [Full HD (1920x1080), IPS, Intel Core i7-1260P, ядра: 4 + 8 х 1.3 ГГц, RAM 16 ГБ, SSD 512 ГБ, Intel Iris Xe Graphics , без ОС]",689990,14,1920x1080,Intel Core i7-1260P,16,512,Intel Iris Xe Graphics,без ОС
5322445,/product/3426d3c0a24a2eb0/156-noutbuk-lenovo-legion-y540-15irh-cernyj/,"15.6"" Ноутбук Lenovo Legion Y540-15IRH черный [Full HD (1920x1080), IPS, Intel Core i7-9750H, ядра: 6 х 2.6 ГГц, RAM 8 ГБ, HDD 1000 ГБ, SSD 128 ГБ, GeForce GTX 1660 Ti 6 ГБ, Windows 10 Home Single Language]",694990,15.6,1920x1080,Intel Core i7-9750H,8,1000,GeForce GTX 1660 Ti 6 ГБ,Windows 10 Home Single Language
5082627,/product/ccdfeaa959d0ed20/156-noutbuk-ardor-gaming-neo-g15-i7nd208-cernyj/,"15.6"" Ноутбук ARDOR GAMING NEO G15-I7ND208 черный [Full HD (1920x1080), IPS, Intel Core i7-12700H, ядра: 6 + 8 х 2.3 ГГц, RAM 16 ГБ, SSD 1024 ГБ, GeForce RTX 3070 для ноутбуков 8 ГБ, без ОС]",699990,15.6,1920x1080,Intel Core i7-12700H,16,1024,GeForce RTX 3070 для ноутбуков 8 ГБ,без ОС
4900487,/product/55a2171395136200/156-noutbuk-msi-gf66-katana-11ud-460xkz-cernyj/,"15.6"" Ноутбук MSI GF66 Katana 11UD-460XKZ черный [Full HD (1920x1080), IPS, Intel Core i5-11400H, ядра: 6 х 2.7 ГГц, RAM 16 ГБ, SSD 512 ГБ, GeForce RTX 3050 Ti для ноутбуков 4 ГБ, без ОС]",714990,15.6,1920x1080,Intel Core i5-11400H,16,512,GeForce RTX 3050 Ti для ноутбуков 4 ГБ,без ОС
5058742,/product/b9f79d1908bced20/156-noutbuk-lenovo-thinkbook-15-g2-itl-seryj/,"15.6"" Ноутбук Lenovo ThinkBook 15 G2 ITL серый [Full HD (1920x1080), IPS, Intel Core i7-1165G7, ядра: 4 х 2.8 ГГц, RAM 16 ГБ, SSD 512 ГБ, Intel Iris Xe Graphics , Windows 11 Pro]",749990,15.6,1920x1080,Intel Core i7-1165G7,16,512,Intel Iris Xe Graphics,Windows 11 Pro
9968608,/product/21fec079a67b31d5/16-noutbuk-asus-vivobook-pro-16x-oled-m7600re-l2055w-seryj/,"16"" Ноутбук ASUS VivoBook Pro 16X OLED M7600RE-L2055W серый [3840x2400, OLED, AMD Ryzen 7 6800H, ядра: 8 х 3.2 ГГц, RAM 16 ГБ, SSD 1000 ГБ, GeForce RTX 3050 Ti для ноутбуков 4 ГБ, Windows 11 Home Single Language]",749990,16,3840x2400,AMD Ryzen 7 6800H,16,1000,GeForce RTX 3050 Ti для ноутбуков 4 ГБ,Windows 11 Home Single Language
9916501,/product/70aa46fcc3e4f633/136-noutbuk-apple-macbook-air-zolotistyj/,"13.6"" Ноутбук Apple MacBook Air золотистый [2560x1664, IPS, Apple M2, ядра: 4 + 4, RAM 8 ГБ, SSD 256 ГБ, Apple M2 8-core , macOS]",779990,13.6,2560x1664,Apple M2,8,256,Apple M2 8-core,macOS
9959563,/product/a0bc3e94ead0a368/156-noutbuk-asus-tuf-dash-f15-fx517zr-hn014-cernyj/,"15.6"" Ноутбук ASUS TUF Dash F15 FX517ZR-HN014 черный [Full HD (1920x1080), IPS, Intel Core i7-12650H, ядра: 6 + 4 х 2.3 ГГц, RAM 16 ГБ, SSD 1000 ГБ, GeForce RTX 3070 для ноутбуков 8 ГБ, без ОС]",849790,15.6,1920x1080,Intel Core i7-12650H,16,1000,GeForce RTX 3070 для ноутбуков 8 ГБ,без ОС
9924927,/product/0ace0e8e43374486/156-noutbuk-acer-nitro-5-an515-58-cernyj/,"15.6"" Ноутбук Acer Nitro 5 AN515-58 черный [Full HD (1920x1080), IPS, Intel Core i7-12700H, ядра: 6 + 8, RAM 16 ГБ, SSD 1000 ГБ, GeForce RTX 3060 для ноутбуков 6 ГБ, без ОС]",849990,15.6,1920x1080,Intel Core i7-12700H,16,1000,GeForce RTX 3060 для ноутбуков 6 ГБ,без ОС
9901310,/product/b037a7edbb9e8a25/133-noutbuk-apple-macbook-pro-seryj/,"13.3"" Ноутбук Apple MacBook Pro серый [2560x1600, IPS, Apple M2, ядра: 4 + 4 х 3.5 ГГц, RAM 8 ГБ, SSD 512 ГБ, Apple M2 10-core , macOS]",899890,13.3,2560x1600,Apple M2,8,512,Apple M2 10-core,macOS
9901319,/product/40b8d0fd014c0721/133-noutbuk-apple-macbook-pro-serebristyj/,"13.3"" Ноутбук Apple MacBook Pro серебристый [2560x1600, IPS, Apple M2, ядра: 4 + 4 х 3.5 ГГц, RAM 8 ГБ, SSD 512 ГБ, Apple M2 10-core , macOS]",917990,13.3,2560x1600,Apple M2,8,512,Apple M2 10-core,macOS
4881035,/product/8b8679a83238ed20/142-noutbuk-apple-macbook-pro-seryj/,"14.2"" Ноутбук Apple MacBook Pro серый [3024x1964, mini-LED, Apple M1 Pro, ядра: 6 + 2, RAM 16 ГБ, SSD 512 ГБ, Apple M1 Pro 14-core , macOS]",965990,14.2,3024x1964,Apple M1 Pro,16,512,Apple M1 Pro 14-core,macOS
4900536,/product/7430da7d9f5a6200/156-noutbuk-asus-tuf-gaming-f15-fx507zr-hq007-seryj/,"15.6"" Ноутбук ASUS TUF Gaming F15 FX507ZR-HQ007 серый [Quad HD 2K (2560x1440), IPS, Intel Core i7-12700H, ядра: 6 + 8 х 2.3 ГГц, RAM 16 ГБ, SSD 1000 ГБ, GeForce RTX 3070 для ноутбуков 8 ГБ, без ОС]",999990,15.6,2560x1440,Intel Core i7-12700H,16,1000,GeForce RTX 3070 для ноутбуков 8 ГБ,без ОС
9973294,/product/10b7e37175168c9f/16-noutbuk-asus-rog-zephyrus-m16-gu604vi-n4037w-cernyj/,"16"" Ноутбук ASUS ROG Zephyrus M16 GU604VI-N4037W черный [английская раскладка, 2560x1600, IPS, Intel Core i9-13900H, ядра: 6 + 8 х 2.6 ГГц, RAM 16 ГБ, SSD 1000 ГБ, GeForce RTX 4070 для ноутбуков 8 ГБ, Windows 11 Pro]",1199890,16,2560x1600,Intel Core i9-13900H,16,1000,GeForce RTX 4070 для ноутбуков 8 ГБ,Windows 11 Pro
5041513,/product/c631eb52dbe9ed20/142-noutbuk-apple-macbook-pro-seryj/,"14.2"" Ноутбук Apple MacBook Pro серый [3024x1964, mini-LED, Apple M1 Pro, ядра: 6 + 2, RAM 16 ГБ, SSD 512 ГБ, Apple M1 Pro 14-core , macOS]",1244990,14.2,3024x1964,Apple M1 Pro,16,512,Apple M1 Pro 14-core,macOS
9941172,/product/b07fbdf98a96118a/156-noutbuk-asus-rog-strix-g15-g513rs-hq040w-cernyj/,"15.6"" Ноутбук ASUS ROG Strix G15 G513RS-HQ040W черный [Quad HD 2K (2560x1440), IPS, AMD Ryzen 7 6800H, ядра: 8 х 3.2 ГГц, RAM 16 ГБ, SSD 1000 ГБ, GeForce RTX 3080 для ноутбуков 8 ГБ, Windows 11 Home Single Language]",1299990,15.6,2560x1440,AMD Ryzen 7 6800H,16,1000,GeForce RTX 3080 для ноутбуков 8 ГБ,Windows 11 Home Single Language
4881039,/product/8b8679ac3238ed20/142-noutbuk-apple-macbook-pro-seryj/,"14.2"" Ноутбук Apple MacBook Pro серый [3024x1964, mini-LED, Apple M1 Pro, ядра: 8 + 2, RAM 16 ГБ, SSD 512 ГБ, Apple M1 Pro 14-core , macOS]",1499990,14.2,3024x1964,Apple M1 Pro,16,512,Apple M1 Pro 14-core,macOS
4881038,/product/8b8679ab3238ed20/142-noutbuk-apple-macbook-pro-serebristyj/,"14.2"" Ноутбук Apple MacBook Pro серебристый [3024x1964, mini-LED, Apple M1 Pro, ядра: 8 + 2, RAM 16 ГБ, SSD 1024 ГБ, Apple M1 Pro 16-core , macOS]",1572990,14.2,3024x1964,Apple M1 Pro,16,1024,Apple M1 Pro 16-core,macOS
4881029,/product/8b8679a13238ed20/162-noutbuk-apple-macbook-pro-seryj/,"16.2"" Ноутбук Apple MacBook Pro серый [3456x2234, mini-LED, Apple M1 Pro, ядра: 8 + 2, RAM 16 ГБ, SSD 512 ГБ, Apple M1 Pro 16-core , macOS]",1574990,16.2,3456x2234,Apple M1 Pro,16,512,Apple M1 Pro 16-core,macOS
4881043,/product/91f64b813238ed20/142-noutbuk-apple-macbook-pro-seryj/,"14.2"" Ноутбук Apple MacBook Pro серый [3024x1964, mini-LED, Apple M1 Pro, ядра: 6 + 2, RAM 32 ГБ, SSD 512 ГБ, Apple M1 Pro 14-core , macOS]",1644990,14.2,3024x1964,Apple M1 Pro,32,512,Apple M1 Pro 14-core,macOS
9970850,/product/4ab1aff6b210b603/16-noutbuk-asus-rog-strix-scar-16-g634jy-nm034x-cernyj/,"16"" Ноутбук ASUS ROG Strix SCAR 16 G634JY-NM034X черный [2560x1600, mini-LED, Intel Core i9-13980HX, ядра: 8 + 16 х 2.2 ГГц, RAM 32 ГБ, SSD 1000 ГБ, GeForce RTX 4090 для ноутбуков 16 ГБ, Windows 11 Pro]",1999990,16,2560x1600,Intel Core i9-13980HX,32,1000,GeForce RTX 4090 для ноутбуков 16 ГБ,Windows 11 Pro
